TF,Target,Correlation
AC010970.2,ABC14-864958H18.2,0.013209017036044388
AC010970.2,ABCB7,0.08844197754234696
AC010970.2,AAK1,0.04330877115884452
AC010970.2,ABCD4,0.07318936188843642
AC010970.2,ABC7-42391500H16.4,0.8721128886323667
AC010970.2,ABC12-47964100C23.1,0.07304738009168742
AC010970.2,AADAT,0.01515195738719456
AC010970.2,AADACL3,0.04896396504771432
AC010970.2,AB019441.29,0.016944750401754357
AC010970.2,A2M,0.04609158659182202
AC010970.2,ABCB10P3,0.9290696946479042
AC010970.2,ABCA7,0.192075054220815
AC010970.2,AASS,-0.017626002016826237
AC010970.2,ABCB8,0.14901066976162913
AC010970.2,ABCC13,0.1169618687834381
AC010970.2,AARS,0.13713606036456816
AC010970.2,ABCA8,0.08395450095412044
AC010970.2,ABCB4,0.003188444445032898
AC010970.2,AASDH,0.10717869784051678
AC010970.2,A4GALT,0.022994109783779648
AC010970.2,ABCB6,0.0881338752658071
AC010970.2,ABCC6P2,0.03385360929387743
AC010970.2,ABCB10P1,0.08837508424802677
AC010970.2,ABCB11,0.019229281982968145
AC010970.2,ABCB10P4,0.9297741571751887
AC010970.2,ABCC11,0.11786418121767729
AC010970.2,A1BG,0.14095823624820433
AC010970.2,AAGAB,0.05603279419541293
AC010970.2,AADACL4,0.3543073748350884
AC010970.2,ABCB10,0.21896246329850105
AC010970.2,AASDHPPT,0.07589894512480669
AC010970.2,ABCD2,0.06408723117818042
AC010970.2,ABCC5,0.15429589657283418
AC010970.2,ABC13-48559800H2.1,0.005388761973585371
AC010970.2,AAED1,0.04091848810321996
AC010970.2,ABCA6,0.028523460565829342
AC010970.2,ABCD3,0.030827711945543578
AC010970.2,ABCD1,0.02724801032690325
AC010970.2,AATK-AS1,0.09717023144900844
AC010970.2,ABC13-47656900H15.1,-0.0146985220990122
AC010970.2,ABCD1P5,0.09797648050458768
AC010970.2,ABCA5,0.007435193206126263
AC010970.2,ABCA2,0.004881915050449286
AC010970.2,ABCB9,0.15922441912602284
AC010970.2,ABC7-42418200C9.1,0.13942893607063978
AC010970.2,ABC7-42404400C24.1,0.04035684489476069
AC010970.2,AARSD1,0.10546983090233358
AC010970.2,ABCA10,0.05813608915813602
AC010970.2,AADACP1,-0.005214397703337729
AC010970.2,AAR2,0.05406199484682717
AC010970.2,A3GALT2,0.017760326264958895
AC010970.2,AADAC,0.0650002421105197
AC010970.2,ABCA3,0.11728312599176867
AC010970.2,ABCA4,0.009200233183323048
AC010970.2,A2MP1,0.12667675420207744
AC010970.2,AAMP,0.05016472261585632
AC010970.2,ABCA11P,0.058138009953451024
AC010970.2,ABCA1,0.008679203477281823
AC010970.2,ABCC3,0.001947413861362981
AC010970.2,ABCC10,0.11025542612753339
AC010970.2,ABCC2,0.012994541455547834
AC010970.2,AAAS,0.07433770306613709
AC010970.2,ABCA9,0.09496558576739314
AC010970.2,AACS,0.117704143953481
AC010970.2,ABCC4,0.021749632877928346
AC010970.2,ABC9-43961700F1.1,-0.00989595953892989
AC010970.2,ABCC6,0.08424657546053752
AC010970.2,ABCC6P1,0.09556754030990237
AC010970.2,ABCC12,-0.03723221061193372
AC010970.2,ABCA17P,0.2849990365354034
AC010970.2,ABC13-48559800H2.2,0.014726983647489287
AC010970.2,AANAT,0.09064263738543223
AC010970.2,ABC13-47488600E17.1,0.032604990142015476
AC010970.2,AARS2,0.1507010207468747
AC010970.2,ABCC9,0.1060987986656832
AC010970.2,ABCC1,0.03439090607020899
AC010970.2,AATF,0.09695724296957546
AC010970.2,ABCB1,0.2052137411366836
AC010970.2,AAMDC,0.08086662505501171
CD74,ABC14-864958H18.2,0.07923643521613326
CD74,ABCB7,0.5488460274541923
CD74,AAK1,0.2036469407467854
CD74,ABCD4,0.33375481757672876
CD74,ABC7-42391500H16.4,0.06024420896858161
CD74,ABC12-47964100C23.1,0.25911697292478625
CD74,AADAT,0.01911642682657369
CD74,AADACL3,0.10472299979185341
CD74,AB019441.29,0.2938462338437338
CD74,A2M,0.2274186666660596
CD74,ABCB10P3,-0.02235492861362482
CD74,ABCA7,0.3007351281833482
CD74,AASS,-0.028900274255045242
CD74,ABCB8,0.313132242389242
CD74,ABCC13,0.07161205604241622
CD74,AARS,0.480597505897781
CD74,ABCA8,0.2225393215918688
CD74,ABCB4,0.22705110357090078
CD74,AASDH,0.3504464820568457
CD74,A4GALT,0.49942455835528077
CD74,ABCB6,0.2914981856487681
CD74,ABCC6P2,0.13753044877592163
CD74,ABCB10P1,0.0514676254559692
CD74,ABCB11,0.20187532050406648
CD74,ABCB10P4,-0.026554017753383778
CD74,ABCC11,0.15802925670723347
CD74,A1BG,0.1984712097882337
CD74,AAGAB,0.5412598258922166
CD74,AADACL4,0.19287791177269764
CD74,ABCB10,0.5588013955435015
CD74,AASDHPPT,0.5149136378706569
CD74,ABCD2,0.30706464155714425
CD74,ABCC5,0.21329096968726766
CD74,ABC13-48559800H2.1,0.28449465011261627
CD74,AAED1,0.1781856153629824
CD74,ABCA6,0.2551516840522263
CD74,ABCD3,0.3242372661234472
CD74,ABCD1,0.17655045362476426
CD74,AATK-AS1,0.24661491220067017
CD74,ABC13-47656900H15.1,0.22930122423925856
CD74,ABCD1P5,-0.01423200381535493
CD74,ABCA5,0.26760090530995345
CD74,ABCA2,0.06819635414222236
CD74,ABCB9,0.10119298304558275
CD74,ABC7-42418200C9.1,0.017037126509332225
CD74,ABC7-42404400C24.1,0.004073834315923474
CD74,AARSD1,0.4087946408634748
CD74,ABCA10,0.2256498903924772
CD74,AADACP1,0.01729077749998083
CD74,AAR2,0.5219083099375731
CD74,A3GALT2,0.006409898432718104
CD74,AADAC,0.24248228242845363
CD74,ABCA3,0.06502041762145022
CD74,ABCA4,0.08054600239823184
CD74,A2MP1,0.20348302816174377
CD74,AAMP,0.43013168393300905
CD74,ABCA11P,0.2376324373681772
CD74,ABCA1,0.13355449378526324
CD74,ABCC3,0.01629639284918994
CD74,ABCC10,0.28084077169767924
CD74,ABCC2,-0.021907480891342517
CD74,AAAS,0.37265395979862614
CD74,ABCA9,0.2199336671287698
CD74,AACS,0.42416003231681926
CD74,ABCC4,0.30776206570495235
CD74,ABC9-43961700F1.1,0.7350150055953109
CD74,ABCC6,0.2463795664866116
CD74,ABCC6P1,0.17056939770313018
CD74,ABCC12,-0.06450620311991295
CD74,ABCA17P,0.036817414989441605
CD74,ABC13-48559800H2.2,-0.029020636258941458
CD74,AANAT,0.15115524524922533
CD74,ABC13-47488600E17.1,0.17153416978415534
CD74,AARS2,0.3293093502839981
CD74,ABCC9,0.2188253377615141
CD74,ABCC1,0.3443191455700215
CD74,AATF,0.5449695662986287
CD74,ABCB1,0.39318591877132203
CD74,AAMDC,0.27440624212716963
B2M,ABC14-864958H18.2,0.24505140040929782
B2M,ABCB7,0.6337360279538007
B2M,AAK1,0.3812202631239921
B2M,ABCD4,0.5264029773916356
B2M,ABC7-42391500H16.4,0.12065884468685495
B2M,ABC12-47964100C23.1,0.7433874026871848
B2M,AADAT,0.20291111598601713
B2M,AADACL3,0.32487000594648563
B2M,AB019441.29,0.2853806739101286
B2M,A2M,0.656606469854735
B2M,ABCB10P3,-0.024710071102575015
B2M,ABCA7,0.3735032969581765
B2M,AASS,0.06261599981081592
B2M,ABCB8,0.479374737965439
B2M,ABCC13,0.16614846351158988
B2M,AARS,0.4765636796305065
B2M,ABCA8,0.6668879408950962
B2M,ABCB4,0.28883965699306824
B2M,AASDH,0.507682342667295
B2M,A4GALT,0.6656082927405177
B2M,ABCB6,0.608600232380308
B2M,ABCC6P2,0.5331652783250705
B2M,ABCB10P1,0.025350795137868067
B2M,ABCB11,0.3562233947980785
B2M,ABCB10P4,-0.03042830174170843
B2M,ABCC11,0.3657969939145296
B2M,A1BG,0.2783028829683459
B2M,AAGAB,0.5923775404642779
B2M,AADACL4,0.5954795609890073
B2M,ABCB10,0.49184998017606857
B2M,AASDHPPT,0.5168429051642777
B2M,ABCD2,0.7270425871288043
B2M,ABCC5,0.3828544436546525
B2M,ABC13-48559800H2.1,0.18860175286001163
B2M,AAED1,0.3695125864320149
B2M,ABCA6,0.4281188344832142
B2M,ABCD3,0.5122202289316357
B2M,ABCD1,0.4170888232946975
B2M,AATK-AS1,0.733850412099366
B2M,ABC13-47656900H15.1,0.21340784884351033
B2M,ABCD1P5,0.0729610723294638
B2M,ABCA5,0.412449383242782
B2M,ABCA2,0.18842937210323377
B2M,ABCB9,0.21304242614392666
B2M,ABC7-42418200C9.1,0.0313661376419446
B2M,ABC7-42404400C24.1,0.09342684499349717
B2M,AARSD1,0.7025416591459798
B2M,ABCA10,0.6227023241735089
B2M,AADACP1,0.057762966419193054
B2M,AAR2,0.6718983741643539
B2M,A3GALT2,0.12749836817759475
B2M,AADAC,0.7148032675924773
B2M,ABCA3,0.18962428294834982
B2M,ABCA4,0.32272376707293776
B2M,A2MP1,0.5392317007070827
B2M,AAMP,0.6760893771097857
B2M,ABCA11P,0.4540011899183156
B2M,ABCA1,0.38031906109851615
B2M,ABCC3,0.10194037232176512
B2M,ABCC10,0.3779541416917337
B2M,ABCC2,0.031278142980979765
B2M,AAAS,0.4908551465721418
B2M,ABCA9,0.6334254384782929
B2M,AACS,0.7975149154258746
B2M,ABCC4,0.17204945093780075
B2M,ABC9-43961700F1.1,0.3705270184137458
B2M,ABCC6,0.6849045217585161
B2M,ABCC6P1,0.5269909470387262
B2M,ABCC12,-0.0700395270452709
B2M,ABCA17P,0.15898881777168095
B2M,ABC13-48559800H2.2,-0.03190476564827235
B2M,AANAT,0.20186004864248083
B2M,ABC13-47488600E17.1,0.23730520340054334
B2M,AARS2,0.3339162494217882
B2M,ABCC9,0.6233626246505676
B2M,ABCC1,0.2839108300391089
B2M,AATF,0.5432925562343724
B2M,ABCB1,0.5272207656313131
B2M,AAMDC,0.7595355287028676
ALDH1A1,ABC14-864958H18.2,0.0013825325027309746
ALDH1A1,ABCB7,0.25473250990673046
ALDH1A1,AAK1,0.14157089079973398
ALDH1A1,ABCD4,0.2551276548686115
ALDH1A1,ABC7-42391500H16.4,0.01309454226000623
ALDH1A1,ABC12-47964100C23.1,0.04629739493508649
ALDH1A1,AADAT,0.4676341608070966
ALDH1A1,AADACL3,-0.0006422704075523983
ALDH1A1,AB019441.29,-0.01598054082804624
ALDH1A1,A2M,0.0274119378136009
ALDH1A1,ABCB10P3,-0.0013425704696982646
ALDH1A1,ABCA7,0.15063935902780987
ALDH1A1,AASS,-0.021123390990444735
ALDH1A1,ABCB8,0.6869561347020375
ALDH1A1,ABCC13,-0.015425080363427502
ALDH1A1,AARS,0.6079894848976031
ALDH1A1,ABCA8,0.03506001947311549
ALDH1A1,ABCB4,-0.010344145762723442
ALDH1A1,AASDH,0.10401571053622732
ALDH1A1,A4GALT,0.28218111400331564
ALDH1A1,ABCB6,0.5331897967063814
ALDH1A1,ABCC6P2,0.25287466096061323
ALDH1A1,ABCB10P1,0.8613113952069531
ALDH1A1,ABCB11,0.016134530851023274
ALDH1A1,ABCB10P4,-0.009096362035762081
ALDH1A1,ABCC11,0.4184357412458451
ALDH1A1,A1BG,0.08958033211752431
ALDH1A1,AAGAB,0.3378113957063741
ALDH1A1,AADACL4,0.03154098888334077
ALDH1A1,ABCB10,0.21818161962433655
ALDH1A1,AASDHPPT,0.2449457345006946
ALDH1A1,ABCD2,0.04008076702382413
ALDH1A1,ABCC5,0.2671622050887315
ALDH1A1,ABC13-48559800H2.1,0.36037121050361276
ALDH1A1,AAED1,0.10012904372570305
ALDH1A1,ABCA6,0.002193652059654822
ALDH1A1,ABCD3,0.15181470444422845
ALDH1A1,ABCD1,0.058661942078646154
ALDH1A1,AATK-AS1,0.051086655474609936
ALDH1A1,ABC13-47656900H15.1,0.02466276041116323
ALDH1A1,ABCD1P5,-0.01189318968418405
ALDH1A1,ABCA5,0.007951241950345004
ALDH1A1,ABCA2,0.2521532981303802
ALDH1A1,ABCB9,0.38945527770177363
ALDH1A1,ABC7-42418200C9.1,-0.011755233834740609
ALDH1A1,ABC7-42404400C24.1,0.8825626744062709
ALDH1A1,AARSD1,0.4951928635090971
ALDH1A1,ABCA10,0.0407071186458035
ALDH1A1,AADACP1,0.9553739561272238
ALDH1A1,AAR2,0.5196155341791576
ALDH1A1,A3GALT2,-0.0054669653561222175
ALDH1A1,AADAC,0.3107022236280817
ALDH1A1,ABCA3,0.26499350809194117
ALDH1A1,ABCA4,0.04517140850835527
ALDH1A1,A2MP1,0.007199185752412158
ALDH1A1,AAMP,0.5508032297194098
ALDH1A1,ABCA11P,0.049943260023909225
ALDH1A1,ABCA1,0.028178536855244178
ALDH1A1,ABCC3,0.9442776343637196
ALDH1A1,ABCC10,0.39369326434712404
ALDH1A1,ABCC2,0.9753586954908837
ALDH1A1,AAAS,0.7184937232304007
ALDH1A1,ABCA9,0.030741850582990785
ALDH1A1,AACS,0.18733430806938275
ALDH1A1,ABCC4,0.07568537377732269
ALDH1A1,ABC9-43961700F1.1,-0.009871928174416232
ALDH1A1,ABCC6,0.05847414699416876
ALDH1A1,ABCC6P1,0.057861120650000965
ALDH1A1,ABCC12,0.6638859000305758
ALDH1A1,ABCA17P,0.029615058787961376
ALDH1A1,ABC13-48559800H2.2,-0.010531752585878526
ALDH1A1,AANAT,0.46479235796366747
ALDH1A1,ABC13-47488600E17.1,0.18105861792577801
ALDH1A1,AARS2,0.34456001084887905
ALDH1A1,ABCC9,0.028034382889782015
ALDH1A1,ABCC1,0.6390466720898486
ALDH1A1,AATF,0.3098489185463726
ALDH1A1,ABCB1,0.011754568604764553
ALDH1A1,AAMDC,0.05925698592162048
ALDOA,ABC14-864958H18.2,0.282900864643007
ALDOA,ABCB7,0.7452061939733636
ALDOA,AAK1,0.4113616499402992
ALDOA,ABCD4,0.6783042233743326
ALDOA,ABC7-42391500H16.4,0.21629465106008686
ALDOA,ABC12-47964100C23.1,0.7646567705088756
ALDOA,AADAT,0.5312411028716616
ALDOA,AADACL3,0.2959085541067982
ALDOA,AB019441.29,0.3088065755244613
ALDOA,A2M,0.7127891051625657
ALDOA,ABCB10P3,0.037127969815569796
ALDOA,ABCA7,0.4756340908240953
ALDOA,AASS,0.10433973452952139
ALDOA,ABCB8,0.7995025331461354
ALDOA,ABCC13,0.04110190895034304
ALDOA,AARS,0.7010502862091773
ALDOA,ABCA8,0.7296476640830798
ALDOA,ABCB4,0.1289474601766805
ALDOA,AASDH,0.5104833411373413
ALDOA,A4GALT,0.7041314229082878
ALDOA,ABCB6,0.9034536955210797
ALDOA,ABCC6P2,0.7192460917854926
ALDOA,ABCB10P1,0.3283088847486808
ALDOA,ABCB11,0.4227258790171992
ALDOA,ABCB10P4,0.02320869546456352
ALDOA,ABCC11,0.487878913199512
ALDOA,A1BG,0.26933634215442875
ALDOA,AAGAB,0.7055986638540742
ALDOA,AADACL4,0.5100315527839393
ALDOA,ABCB10,0.5869991619585085
ALDOA,AASDHPPT,0.5814601040363894
ALDOA,ABCD2,0.7586478323896759
ALDOA,ABCC5,0.5633463217783832
ALDOA,ABC13-48559800H2.1,0.3842702522891959
ALDOA,AAED1,0.3559379154930914
ALDOA,ABCA6,0.32962199866217706
ALDOA,ABCD3,0.6184327393601672
ALDOA,ABCD1,0.47962966096375903
ALDOA,AATK-AS1,0.764239362659811
ALDOA,ABC13-47656900H15.1,0.29051264012767397
ALDOA,ABCD1P5,0.049399395917020875
ALDOA,ABCA5,0.29955050555056456
ALDOA,ABCA2,0.36487448422398855
ALDOA,ABCB9,0.45902306383638813
ALDOA,ABC7-42418200C9.1,-0.0016234528757481687
ALDOA,ABC7-42404400C24.1,0.4910582329573912
ALDOA,AARSD1,0.9366594726700157
ALDOA,ABCA10,0.6778474323620438
ALDOA,AADACP1,0.427575732864066
ALDOA,AAR2,0.8957820103531821
ALDOA,A3GALT2,0.15470257355397932
ALDOA,AADAC,0.8508526690471243
ALDOA,ABCA3,0.45295922781128994
ALDOA,ABCA4,0.49947885236629147
ALDOA,A2MP1,0.6104810522127866
ALDOA,AAMP,0.9452967061274836
ALDOA,ABCA11P,0.52700741916488
ALDOA,ABCA1,0.3652935535321813
ALDOA,ABCC3,0.4397025806172054
ALDOA,ABCC10,0.5317436537808434
ALDOA,ABCC2,0.38826902719614126
ALDOA,AAAS,0.8419243412606848
ALDOA,ABCA9,0.6796527488085993
ALDOA,AACS,0.8893053895316221
ALDOA,ABCC4,0.289716697636475
ALDOA,ABC9-43961700F1.1,0.1668598363472648
ALDOA,ABCC6,0.7835597390021368
ALDOA,ABCC6P1,0.6142615350970748
ALDOA,ABCC12,0.20026184374162034
ALDOA,ABCA17P,0.21482356120213106
ALDOA,ABC13-48559800H2.2,0.08434171481050869
ALDOA,AANAT,0.30590415918003105
ALDOA,ABC13-47488600E17.1,0.2954386690320324
ALDOA,AARS2,0.5234451937011471
ALDOA,ABCC9,0.6492464508588179
ALDOA,ABCC1,0.5583612698588993
ALDOA,AATF,0.6764187143842673
ALDOA,ABCB1,0.5734644907520468
ALDOA,AAMDC,0.7827096106160869
ADH1B,ABC14-864958H18.2,0.22059530153990362
ADH1B,ABCB7,0.4195171610398282
ADH1B,AAK1,0.2779748337100254
ADH1B,ABCD4,0.46967225897018616
ADH1B,ABC7-42391500H16.4,0.14322048092814887
ADH1B,ABC12-47964100C23.1,0.9967982733562776
ADH1B,AADAT,0.2568576652778935
ADH1B,AADACL3,0.3675428254989391
ADH1B,AB019441.29,0.17753672230727127
ADH1B,A2M,0.9026059474972361
ADH1B,ABCB10P3,-0.0037386417505351614
ADH1B,ABCA7,0.1704823157257302
ADH1B,AASS,0.07276403972619014
ADH1B,ABCB8,0.4004378143161712
ADH1B,ABCC13,0.020942811536808218
ADH1B,AARS,0.23813250237340164
ADH1B,ABCA8,0.9164864088602981
ADH1B,ABCB4,0.08109919298448871
ADH1B,AASDH,0.3242111448011657
ADH1B,A4GALT,0.5187359137894674
ADH1B,ABCB6,0.6723550154810137
ADH1B,ABCC6P2,0.7171598656968834
ADH1B,ABCB10P1,-0.018708303148589192
ADH1B,ABCB11,0.38366504752891056
ADH1B,ABCB10P4,-0.011276872821241415
ADH1B,ABCC11,0.32785039698207363
ADH1B,A1BG,0.15206292219171863
ADH1B,AAGAB,0.3096378208933032
ADH1B,AADACL4,0.724168745620704
ADH1B,ABCB10,0.23938785435111118
ADH1B,AASDHPPT,0.22665815205042278
ADH1B,ABCD2,0.957711393138607
ADH1B,ABCC5,0.27301828412472506
ADH1B,ABC13-48559800H2.1,-0.03789550292648682
ADH1B,AAED1,0.27172359407499075
ADH1B,ABCA6,0.3579427713380412
ADH1B,ABCD3,0.3746986927014011
ADH1B,ABCD1,0.35226345884266097
ADH1B,AATK-AS1,0.9727836115102831
ADH1B,ABC13-47656900H15.1,0.10130409725101934
ADH1B,ABCD1P5,0.07401583242181208
ADH1B,ABCA5,0.2868320759970119
ADH1B,ABCA2,0.22745309748129242
ADH1B,ABCB9,0.12030413052379221
ADH1B,ABC7-42418200C9.1,0.0159082112941498
ADH1B,ABC7-42404400C24.1,0.13742045435313208
ADH1B,AARSD1,0.7274052822478588
ADH1B,ABCA10,0.8085913243100505
ADH1B,AADACP1,0.028028915001011366
ADH1B,AAR2,0.5280450267811866
ADH1B,A3GALT2,0.009597164082716443
ADH1B,AADAC,0.9540006435217583
ADH1B,ABCA3,0.26975877252142405
ADH1B,ABCA4,0.45957461706821096
ADH1B,A2MP1,0.6936262478304074
ADH1B,AAMP,0.6555430465897284
ADH1B,ABCA11P,0.4050860952115008
ADH1B,ABCA1,0.3704787678593394
ADH1B,ABCC3,0.028201222959113453
ADH1B,ABCC10,0.18133145526120725
ADH1B,ABCC2,0.0013057784619128594
ADH1B,AAAS,0.4241695094143153
ADH1B,ABCA9,0.8326100606863293
ADH1B,AACS,0.8755018559010759
ADH1B,ABCC4,-0.013041647947086251
ADH1B,ABC9-43961700F1.1,-0.011091700663937816
ADH1B,ABCC6,0.9512456984862434
ADH1B,ABCC6P1,0.7542786999135345
ADH1B,ABCC12,-0.039782731040005875
ADH1B,ABCA17P,0.18094979558646693
ADH1B,ABC13-48559800H2.2,-0.011687822562969132
ADH1B,AANAT,0.07731252507790684
ADH1B,ABC13-47488600E17.1,0.05403922065735283
ADH1B,AARS2,0.13559500363161606
ADH1B,ABCC9,0.790440464575644
ADH1B,ABCC1,0.04140704856534733
ADH1B,AATF,0.26867360236946625
ADH1B,ABCB1,0.44973545089995337
ADH1B,AAMDC,0.9931282486778908
ANXA2,ABC14-864958H18.2,0.30271345906656816
ANXA2,ABCB7,0.5653090616680988
ANXA2,AAK1,0.45491704234545466
ANXA2,ABCD4,0.5695691534797062
ANXA2,ABC7-42391500H16.4,0.11448246751877436
ANXA2,ABC12-47964100C23.1,0.6771139075710215
ANXA2,AADAT,0.5488023034391656
ANXA2,AADACL3,0.322234627284927
ANXA2,AB019441.29,0.1625405678018216
ANXA2,A2M,0.6272111298748945
ANXA2,ABCB10P3,-0.015860616045151116
ANXA2,ABCA7,0.32055089310065954
ANXA2,AASS,0.1098000279454169
ANXA2,ABCB8,0.8338966125366448
ANXA2,ABCC13,0.05141508210090814
ANXA2,AARS,0.6501218066382384
ANXA2,ABCA8,0.679289326516305
ANXA2,ABCB4,0.13950499089544588
ANXA2,AASDH,0.44917807870512283
ANXA2,A4GALT,0.6912531314759901
ANXA2,ABCB6,0.8835870301796578
ANXA2,ABCC6P2,0.7169669460507394
ANXA2,ABCB10P1,0.5247148769078641
ANXA2,ABCB11,0.3765277985793749
ANXA2,ABCB10P4,-0.025941661102281972
ANXA2,ABCC11,0.5843482609301056
ANXA2,A1BG,0.2296334422341788
ANXA2,AAGAB,0.5570499469152087
ANXA2,AADACL4,0.4325873058856546
ANXA2,ABCB10,0.3846538791494893
ANXA2,AASDHPPT,0.4350500982932123
ANXA2,ABCD2,0.661522272531085
ANXA2,ABCC5,0.464434027209676
ANXA2,ABC13-48559800H2.1,0.29998105101392397
ANXA2,AAED1,0.3985457802704475
ANXA2,ABCA6,0.3777497837583174
ANXA2,ABCD3,0.5129690876179991
ANXA2,ABCD1,0.4370237625726557
ANXA2,AATK-AS1,0.6604051288845931
ANXA2,ABC13-47656900H15.1,0.1719174678045766
ANXA2,ABCD1P5,0.11555840808856396
ANXA2,ABCA5,0.29307512686819126
ANXA2,ABCA2,0.3661204287467368
ANXA2,ABCB9,0.49678769841831466
ANXA2,ABC7-42418200C9.1,0.01574541027480698
ANXA2,ABC7-42404400C24.1,0.6640225798132471
ANXA2,AARSD1,0.863836795606646
ANXA2,ABCA10,0.6463958163958069
ANXA2,AADACP1,0.674200267085862
ANXA2,AAR2,0.7955963174539592
ANXA2,A3GALT2,0.13204398999464032
ANXA2,AADAC,0.8330107894338347
ANXA2,ABCA3,0.3785673372998386
ANXA2,ABCA4,0.47917208571642467
ANXA2,A2MP1,0.5073427046243854
ANXA2,AAMP,0.8738210554328106
ANXA2,ABCA11P,0.4338652748476398
ANXA2,ABCA1,0.4012395198832454
ANXA2,ABCC3,0.6758803977144544
ANXA2,ABCC10,0.5423855753850324
ANXA2,ABCC2,0.6253782897052653
ANXA2,AAAS,0.8245526109766446
ANXA2,ABCA9,0.6552293600466205
ANXA2,AACS,0.7521719963306306
ANXA2,ABCC4,0.049887376397186066
ANXA2,ABC9-43961700F1.1,-0.005303090579806535
ANXA2,ABCC6,0.7036762267026223
ANXA2,ABCC6P1,0.5329736371668027
ANXA2,ABCC12,0.3816202346770914
ANXA2,ABCA17P,0.2139930365610226
ANXA2,ABC13-48559800H2.2,0.04076179841041385
ANXA2,AANAT,0.374424977916575
ANXA2,ABC13-47488600E17.1,0.3137863725078899
ANXA2,AARS2,0.419024302981425
ANXA2,ABCC9,0.6159520279808017
ANXA2,ABCC1,0.5093971699256146
ANXA2,AATF,0.5028577246516135
ANXA2,ABCB1,0.2975327350719972
ANXA2,AAMDC,0.6904745520740855
AKR1C2,ABC14-864958H18.2,0.18208649092910742
AKR1C2,ABCB7,0.48610451346946193
AKR1C2,AAK1,0.30757125942979163
AKR1C2,ABCD4,0.5256168307021694
AKR1C2,ABC7-42391500H16.4,0.12562948816549058
AKR1C2,ABC12-47964100C23.1,0.8438540228798423
AKR1C2,AADAT,0.4655601119734074
AKR1C2,AADACL3,0.29835446567485063
AKR1C2,AB019441.29,0.13390083919581244
AKR1C2,A2M,0.7700898816314015
AKR1C2,ABCB10P3,-0.003115807901600686
AKR1C2,ABCA7,0.23208875062939618
AKR1C2,AASS,0.04984964455532016
AKR1C2,ABCB8,0.6994182257312794
AKR1C2,ABCC13,0.007185789261004024
AKR1C2,AARS,0.5206656429165282
AKR1C2,ABCA8,0.7820701370257392
AKR1C2,ABCB4,0.05585225374133936
AKR1C2,AASDH,0.32031398346579576
AKR1C2,A4GALT,0.5885176343671509
AKR1C2,ABCB6,0.8506339455768166
AKR1C2,ABCC6P2,0.7304333695714358
AKR1C2,ABCB10P1,0.43909321735882056
AKR1C2,ABCB11,0.33101590044642887
AKR1C2,ABCB10P4,-0.013678566002974285
AKR1C2,ABCC11,0.49005652542876044
AKR1C2,A1BG,0.16602857785226824
AKR1C2,AAGAB,0.4375820522460296
AKR1C2,AADACL4,0.5934229229096878
AKR1C2,ABCB10,0.3134574452423025
AKR1C2,AASDHPPT,0.31535325645019036
AKR1C2,ABCD2,0.8160829564713153
AKR1C2,ABCC5,0.37075703056554515
AKR1C2,ABC13-48559800H2.1,0.16166935433997898
AKR1C2,AAED1,0.2707795749570725
AKR1C2,ABCA6,0.2933161452163501
AKR1C2,ABCD3,0.39527754583778557
AKR1C2,ABCD1,0.33525706718917
AKR1C2,AATK-AS1,0.8253232295784512
AKR1C2,ABC13-47656900H15.1,0.09781007765609873
AKR1C2,ABCD1P5,0.05053700688209879
AKR1C2,ABCA5,0.2364482135681166
AKR1C2,ABCA2,0.33243555946580744
AKR1C2,ABCB9,0.3083619947884739
AKR1C2,ABC7-42418200C9.1,0.006696686322504231
AKR1C2,ABC7-42404400C24.1,0.5829384716964903
AKR1C2,AARSD1,0.8664795880602372
AKR1C2,ABCA10,0.697467124802261
AKR1C2,AADACP1,0.5268520133330967
AKR1C2,AAR2,0.7138738266962162
AKR1C2,A3GALT2,0.03464039872487886
AKR1C2,AADAC,0.9500524068909935
AKR1C2,ABCA3,0.36448643195608155
AKR1C2,ABCA4,0.41424596839351446
AKR1C2,A2MP1,0.5940626884433121
AKR1C2,AAMP,0.8365732905853559
AKR1C2,ABCA11P,0.364776478167941
AKR1C2,ABCA1,0.3223256921720887
AKR1C2,ABCC3,0.5285015907847522
AKR1C2,ABCC10,0.36050526063501864
AKR1C2,ABCC2,0.5153684334321389
AKR1C2,AAAS,0.7368703557663143
AKR1C2,ABCA9,0.7099219605166911
AKR1C2,AACS,0.8183482097014851
AKR1C2,ABCC4,0.01823157648848568
AKR1C2,ABC9-43961700F1.1,-0.013653717298618478
AKR1C2,ABCC6,0.8257374484492122
AKR1C2,ABCC6P1,0.6556439035746775
AKR1C2,ABCC12,0.31705405280628907
AKR1C2,ABCA17P,0.16581834544497026
AKR1C2,ABC13-48559800H2.2,-0.015028510450386471
AKR1C2,AANAT,0.3074529821402637
AKR1C2,ABC13-47488600E17.1,0.14320810250705787
AKR1C2,AARS2,0.29727657396965285
AKR1C2,ABCC9,0.6700901301541474
AKR1C2,ABCC1,0.3744197819295199
AKR1C2,AATF,0.38747684032539276
AKR1C2,ABCB1,0.37408987716165415
AKR1C2,AAMDC,0.8468980874567857
AHNAK,ABC14-864958H18.2,0.6816237970708086
AHNAK,ABCB7,0.4167239017022219
AHNAK,AAK1,0.6874214859492485
AHNAK,ABCD4,0.45725228038788224
AHNAK,ABC7-42391500H16.4,0.049564304852508144
AHNAK,ABC12-47964100C23.1,0.2803534548734586
AHNAK,AADAT,0.29201729531629117
AHNAK,AADACL3,0.43445914937472374
AHNAK,AB019441.29,0.06718843121401984
AHNAK,A2M,0.2715051917171418
AHNAK,ABCB10P3,-0.01796472500221139
AHNAK,ABCA7,0.33219040869663147
AHNAK,AASS,0.3698689475881465
AHNAK,ABCB8,0.37393829850626187
AHNAK,ABCC13,0.34958219450548234
AHNAK,AARS,0.20692340893734315
AHNAK,ABCA8,0.4107365133447593
AHNAK,ABCB4,0.6278929593519891
AHNAK,AASDH,0.6491504854832617
AHNAK,A4GALT,0.5707068747053367
AHNAK,ABCB6,0.3923604244056582
AHNAK,ABCC6P2,0.5578243050439843
AHNAK,ABCB10P1,0.005377055520179519
AHNAK,ABCB11,0.2803010897594333
AHNAK,ABCB10P4,-0.019546694209121848
AHNAK,ABCC11,0.5983099560038643
AHNAK,A1BG,0.5362782179676789
AHNAK,AAGAB,0.3082539408521644
AHNAK,AADACL4,0.12474050015624684
AHNAK,ABCB10,0.36416303733016414
AHNAK,AASDHPPT,0.3589520235946129
AHNAK,ABCD2,0.29159473338843644
AHNAK,ABCC5,0.4817050675948254
AHNAK,ABC13-48559800H2.1,0.192474740070456
AHNAK,AAED1,0.9321910706478267
AHNAK,ABCA6,0.8340206525761948
AHNAK,ABCD3,0.44833908466041483
AHNAK,ABCD1,0.477975396966871
AHNAK,AATK-AS1,0.2706604909489443
AHNAK,ABC13-47656900H15.1,0.06411263055066126
AHNAK,ABCD1P5,0.42866362493096055
AHNAK,ABCA5,0.6310015134413304
AHNAK,ABCA2,0.25524350628106757
AHNAK,ABCB9,0.5405029231772134
AHNAK,ABC7-42418200C9.1,0.1379749242051485
AHNAK,ABC7-42404400C24.1,0.10343880583045409
AHNAK,AARSD1,0.2805056617466667
AHNAK,ABCA10,0.6227520173316431
AHNAK,AADACP1,0.04126978593575121
AHNAK,AAR2,0.39433383085253965
AHNAK,A3GALT2,0.3374255695911524
AHNAK,AADAC,0.2746543246118904
AHNAK,ABCA3,0.12653622980044615
AHNAK,ABCA4,0.35939285415206645
AHNAK,A2MP1,0.3055204845345288
AHNAK,AAMP,0.3239070489153852
AHNAK,ABCA11P,0.5381262904761358
AHNAK,ABCA1,0.6273963164505979
AHNAK,ABCC3,0.05302661459619583
AHNAK,ABCC10,0.6508169150184742
AHNAK,ABCC2,0.03453350708334
AHNAK,AAAS,0.27884737951682864
AHNAK,ABCA9,0.620965030686006
AHNAK,AACS,0.46994889818347735
AHNAK,ABCC4,0.10746753303077196
AHNAK,ABC9-43961700F1.1,-0.0024325282656723598
AHNAK,ABCC6,0.3977390534265355
AHNAK,ABCC6P1,0.2508043202404286
AHNAK,ABCC12,-0.003826845412749057
AHNAK,ABCA17P,0.4491161057037182
AHNAK,ABC13-48559800H2.2,-0.02122228986256105
AHNAK,AANAT,0.17555043080357116
AHNAK,ABC13-47488600E17.1,0.5264761460603841
AHNAK,AARS2,0.378370741710032
AHNAK,ABCC9,0.5129944184748124
AHNAK,ABCC1,0.2487074891274401
AHNAK,AATF,0.2216894958598756
AHNAK,ABCB1,0.19884242310678812
AHNAK,AAMDC,0.29491978275910513
ACTB,ABC14-864958H18.2,0.23291733894125305
ACTB,ABCB7,0.6674595995242818
ACTB,AAK1,0.3899033322037299
ACTB,ABCD4,0.4842368030097636
ACTB,ABC7-42391500H16.4,0.09637744468761322
ACTB,ABC12-47964100C23.1,0.17158698977129
ACTB,AADAT,0.40970850653833196
ACTB,AADACL3,0.11819300936171256
ACTB,AB019441.29,0.365019902067267
ACTB,A2M,0.14281717627397064
ACTB,ABCB10P3,-0.019465186485893918
ACTB,ABCA7,0.4758937888377404
ACTB,AASS,0.09155301345010423
ACTB,ABCB8,0.7437634055344832
ACTB,ABCC13,0.08817818908259796
ACTB,AARS,0.7969110177682417
ACTB,ABCA8,0.17420000057932827
ACTB,ABCB4,0.2659962208152027
ACTB,AASDH,0.47056543715513566
ACTB,A4GALT,0.7231342566092207
ACTB,ABCB6,0.6432512434960939
ACTB,ABCC6P2,0.3270301901161304
ACTB,ABCB10P1,0.5318931812793732
ACTB,ABCB11,0.14884957889294786
ACTB,ABCB10P4,-0.027564958387378633
ACTB,ABCC11,0.46291653693287427
ACTB,A1BG,0.283053654399549
ACTB,AAGAB,0.7130761183687039
ACTB,AADACL4,0.10046440106793866
ACTB,ABCB10,0.6585186373220646
ACTB,AASDHPPT,0.6659591029237211
ACTB,ABCD2,0.19907724608519511
ACTB,ABCC5,0.46318290750289015
ACTB,ABC13-48559800H2.1,0.5521772840276371
ACTB,AAED1,0.3610071674111622
ACTB,ABCA6,0.30548123740639826
ACTB,ABCD3,0.5076500642223343
ACTB,ABCD1,0.30687245041524747
ACTB,AATK-AS1,0.17011545416934246
ACTB,ABC13-47656900H15.1,0.35488208462154763
ACTB,ABCD1P5,0.07352920660463307
ACTB,ABCA5,0.2853732967590216
ACTB,ABCA2,0.2436257652566731
ACTB,ABCB9,0.5305481462461968
ACTB,ABC7-42418200C9.1,0.02089996607284809
ACTB,ABC7-42404400C24.1,0.5361189149098537
ACTB,AARSD1,0.6710739154710534
ACTB,ABCA10,0.22298148747862562
ACTB,AADACP1,0.5615625321123625
ACTB,AAR2,0.805333488561023
ACTB,A3GALT2,0.1737746062077157
ACTB,AADAC,0.3240939477007115
ACTB,ABCA3,0.25930503859528165
ACTB,ABCA4,0.2954915435030486
ACTB,A2MP1,0.16446578452449095
ACTB,AAMP,0.7072127445928088
ACTB,ABCA11P,0.32033936705008886
ACTB,ABCA1,0.2034454619568279
ACTB,ABCC3,0.5895819949851465
ACTB,ABCC10,0.6225370307263688
ACTB,ABCC2,0.5624377126561544
ACTB,AAAS,0.795531027298966
ACTB,ABCA9,0.21225079343474967
ACTB,AACS,0.4649635364171552
ACTB,ABCC4,0.3242495355030381
ACTB,ABC9-43961700F1.1,0.5379737092844921
ACTB,ABCC6,0.19934340482888604
ACTB,ABCC6P1,0.12740461892036717
ACTB,ABCC12,0.3253433841233936
ACTB,ABCA17P,0.14648274258545443
ACTB,ABC13-48559800H2.2,0.16271135904933107
ACTB,AANAT,0.36827271331366923
ACTB,ABC13-47488600E17.1,0.37173880061969233
ACTB,AARS2,0.5845739010386859
ACTB,ABCC9,0.18885053808243285
ACTB,ABCC1,0.7222444834061401
ACTB,AATF,0.7462628265786543
ACTB,ABCB1,0.2979061937007116
ACTB,AAMDC,0.2017114469304735
ACSL1,ABC14-864958H18.2,0.228079049391203
ACSL1,ABCB7,0.44343532153426424
ACSL1,AAK1,0.2980823693225195
ACSL1,ABCD4,0.4964041536881515
ACSL1,ABC7-42391500H16.4,0.14433745999529413
ACSL1,ABC12-47964100C23.1,0.9631573621717386
ACSL1,AADAT,0.25961571012039963
ACSL1,AADACL3,0.3670230162662646
ACSL1,AB019441.29,0.1720932224482206
ACSL1,A2M,0.9143621684692744
ACSL1,ABCB10P3,-0.00225056829939842
ACSL1,ABCA7,0.20718546602703433
ACSL1,AASS,0.07546398996286785
ACSL1,ABCB8,0.42562420753475183
ACSL1,ABCC13,0.029163493180562206
ACSL1,AARS,0.26339419484479565
ACSL1,ABCA8,0.9372190906134491
ACSL1,ABCB4,0.08207291019581486
ACSL1,AASDH,0.3329611015776936
ACSL1,A4GALT,0.5068083840341303
ACSL1,ABCB6,0.6989419354871982
ACSL1,ABCC6P2,0.722323417186897
ACSL1,ABCB10P1,-0.0179346316309671
ACSL1,ABCB11,0.4292227099723555
ACSL1,ABCB10P4,-0.01207331644607864
ACSL1,ABCC11,0.33677618133249443
ACSL1,A1BG,0.14895274812431739
ACSL1,AAGAB,0.32276251334074785
ACSL1,AADACL4,0.6039672883519528
ACSL1,ABCB10,0.26362868574418996
ACSL1,AASDHPPT,0.24424179906642413
ACSL1,ABCD2,0.9674041205609162
ACSL1,ABCC5,0.305548840942233
ACSL1,ABC13-48559800H2.1,-0.021607786698585617
ACSL1,AAED1,0.2664676428721721
ACSL1,ABCA6,0.3578861362146775
ACSL1,ABCD3,0.38888426804357357
ACSL1,ABCD1,0.3886346555752943
ACSL1,AATK-AS1,0.9339804615900088
ACSL1,ABC13-47656900H15.1,0.12252063010613837
ACSL1,ABCD1P5,0.0534703316590664
ACSL1,ABCA5,0.2923489054931722
ACSL1,ABCA2,0.2594340855771677
ACSL1,ABCB9,0.13492370230888884
ACSL1,ABC7-42418200C9.1,0.014158976873687569
ACSL1,ABC7-42404400C24.1,0.15599403188441582
ACSL1,AARSD1,0.7322899324385771
ACSL1,ABCA10,0.8546371379794399
ACSL1,AADACP1,0.031560341415863315
ACSL1,AAR2,0.5495734970971083
ACSL1,A3GALT2,0.028667563103967907
ACSL1,AADAC,0.937282643242774
ACSL1,ABCA3,0.2920907769247187
ACSL1,ABCA4,0.4805766620888186
ACSL1,A2MP1,0.7523091394241295
ACSL1,AAMP,0.6774827500812649
ACSL1,ABCA11P,0.43020532605208633
ACSL1,ABCA1,0.36727220722173104
ACSL1,ABCC3,0.02886296929782874
ACSL1,ABCC10,0.20319808909827616
ACSL1,ABCC2,0.0037870317910541312
ACSL1,AAAS,0.4567708242448797
ACSL1,ABCA9,0.864407238637596
ACSL1,AACS,0.8658500575278897
ACSL1,ABCC4,-0.0021994244888871688
ACSL1,ABC9-43961700F1.1,0.0019330695524976862
ACSL1,ABCC6,0.987852504022578
ACSL1,ABCC6P1,0.7547297923651043
ACSL1,ABCC12,-0.0420523493056219
ACSL1,ABCA17P,0.1850989281067572
ACSL1,ABC13-48559800H2.2,-0.012084974363470804
ACSL1,AANAT,0.08164026476809995
ACSL1,ABC13-47488600E17.1,0.08101198200813542
ACSL1,AARS2,0.16109959017917327
ACSL1,ABCC9,0.8095995938421298
ACSL1,ABCC1,0.06020262128961952
ACSL1,AATF,0.2991699813505581
ACSL1,ABCB1,0.46491965117968354
ACSL1,AAMDC,0.9571269207752771
CD36,ABC14-864958H18.2,0.2186286444409921
CD36,ABCB7,0.4410014015871714
CD36,AAK1,0.2880051285152188
CD36,ABCD4,0.4930546830078807
CD36,ABC7-42391500H16.4,0.1444732012139398
CD36,ABC12-47964100C23.1,0.9724820405206139
CD36,AADAT,0.2567853121913102
CD36,AADACL3,0.35868039184326866
CD36,AB019441.29,0.17496679202504087
CD36,A2M,0.9142772331395193
CD36,ABCB10P3,-0.002104563291716818
CD36,ABCA7,0.20446658697376024
CD36,AASS,0.070845249525741
CD36,ABCB8,0.420670885330609
CD36,ABCC13,0.0166145752913464
CD36,AARS,0.25664773955427866
CD36,ABCA8,0.9345765784192079
CD36,ABCB4,0.06690149225340736
CD36,AASDH,0.3258677437194165
CD36,A4GALT,0.4995518856223404
CD36,ABCB6,0.6996879094628142
CD36,ABCC6P2,0.7183052219199223
CD36,ABCB10P1,-0.020274647809162098
CD36,ABCB11,0.42014317914272087
CD36,ABCB10P4,-0.011786027966086517
CD36,ABCC11,0.32465939683856054
CD36,A1BG,0.14751201782093967
CD36,AAGAB,0.318518592681703
CD36,AADACL4,0.6308259898579034
CD36,ABCB10,0.2622986935971816
CD36,AASDHPPT,0.2408749850930827
CD36,ABCD2,0.9658953236387755
CD36,ABCC5,0.30212866094439644
CD36,ABC13-48559800H2.1,-0.01886051377396083
CD36,AAED1,0.2608716993373964
CD36,ABCA6,0.3477076679056658
CD36,ABCD3,0.3846686569120504
CD36,ABCD1,0.380648867824523
CD36,AATK-AS1,0.9432486683122014
CD36,ABC13-47656900H15.1,0.11631642491630594
CD36,ABCD1P5,0.05309295815549113
CD36,ABCA5,0.2786060953549012
CD36,ABCA2,0.25075754915881043
CD36,ABCB9,0.13275172330643342
CD36,ABC7-42418200C9.1,0.012438402202761363
CD36,ABC7-42404400C24.1,0.1500171978466456
CD36,AARSD1,0.7339944837883771
CD36,ABCA10,0.8408833861343955
CD36,AADACP1,0.03095805665497246
CD36,AAR2,0.5476111616788629
CD36,A3GALT2,0.01914655670709866
CD36,AADAC,0.9423085841859192
CD36,ABCA3,0.2850962575476387
CD36,ABCA4,0.4724101213056342
CD36,A2MP1,0.7405994076602428
CD36,AAMP,0.6752563302872077
CD36,ABCA11P,0.41890346506751175
CD36,ABCA1,0.36579971289570645
CD36,ABCC3,0.026827633711490457
CD36,ABCC10,0.19378474889202452
CD36,ABCC2,0.00013179235699629644
CD36,AAAS,0.4528631581503537
CD36,ABCA9,0.8548343700437595
CD36,AACS,0.87487219162257
CD36,ABCC4,0.023928812921687578
CD36,ABC9-43961700F1.1,-0.011903082745129301
CD36,ABCC6,0.9815389054583419
CD36,ABCC6P1,0.7561173319755863
CD36,ABCC12,-0.043383251221282934
CD36,ABCA17P,0.17962095154601143
CD36,ABC13-48559800H2.2,-0.0126151199032032
CD36,AANAT,0.07172405133827653
CD36,ABC13-47488600E17.1,0.07583554846109357
CD36,AARS2,0.15302996963953314
CD36,ABCC9,0.8029137389368184
CD36,ABCC1,0.06442879464024046
CD36,AATF,0.2952025905137955
CD36,ABCB1,0.46789297965706855
CD36,AAMDC,0.9672362394170745
ADIPOQ,ABC14-864958H18.2,0.21948682625306465
ADIPOQ,ABCB7,0.42358674116159645
ADIPOQ,AAK1,0.28196272689977103
ADIPOQ,ABCD4,0.4807396688181471
ADIPOQ,ABC7-42391500H16.4,0.14293585895622885
ADIPOQ,ABC12-47964100C23.1,0.9715295951113316
ADIPOQ,AADAT,0.25644768121777334
ADIPOQ,AADACL3,0.35774263545196283
ADIPOQ,AB019441.29,0.1676954243535105
ADIPOQ,A2M,0.9165177649983737
ADIPOQ,ABCB10P3,-0.0015370275651342452
ADIPOQ,ABCA7,0.18434694762899403
ADIPOQ,AASS,0.07147098059707103
ADIPOQ,ABCB8,0.41240570366668095
ADIPOQ,ABCC13,0.012815831938251995
ADIPOQ,AARS,0.24787482130234087
ADIPOQ,ABCA8,0.9360121525424406
ADIPOQ,ABCB4,0.06566012785510414
ADIPOQ,AASDH,0.314583297790325
ADIPOQ,A4GALT,0.49885456783319504
ADIPOQ,ABCB6,0.690407216798106
ADIPOQ,ABCC6P2,0.7207273006187078
ADIPOQ,ABCB10P1,-0.01869242000148944
ADIPOQ,ABCB11,0.4179706986930408
ADIPOQ,ABCB10P4,-0.010902269711065567
ADIPOQ,ABCC11,0.3252976087172452
ADIPOQ,A1BG,0.13451561515765753
ADIPOQ,AAGAB,0.305530140047775
ADIPOQ,AADACL4,0.6245938141025471
ADIPOQ,ABCB10,0.24385809669927275
ADIPOQ,AASDHPPT,0.2268494863180976
ADIPOQ,ABCD2,0.9674119090502227
ADIPOQ,ABCC5,0.28430665312734615
ADIPOQ,ABC13-48559800H2.1,-0.03835194666485436
ADIPOQ,AAED1,0.2527306230488058
ADIPOQ,ABCA6,0.3461561335344037
ADIPOQ,ABCD3,0.3747527510729429
ADIPOQ,ABCD1,0.3739031673455773
ADIPOQ,AATK-AS1,0.9423882651392564
ADIPOQ,ABC13-47656900H15.1,0.11326663873249786
ADIPOQ,ABCD1P5,0.05313971648528288
ADIPOQ,ABCA5,0.27717249373426556
ADIPOQ,ABCA2,0.2510978708028422
ADIPOQ,ABCB9,0.1221309070095048
ADIPOQ,ABC7-42418200C9.1,0.01270254566630143
ADIPOQ,ABC7-42404400C24.1,0.15200000381898265
ADIPOQ,AARSD1,0.7263979870731951
ADIPOQ,ABCA10,0.8438539851107217
ADIPOQ,AADACP1,0.029244434427965423
ADIPOQ,AAR2,0.5329000594092679
ADIPOQ,A3GALT2,0.01755827719273915
ADIPOQ,AADAC,0.942366567284446
ADIPOQ,ABCA3,0.28790042133638205
ADIPOQ,ABCA4,0.47706491099046333
ADIPOQ,A2MP1,0.7414314973737279
ADIPOQ,AAMP,0.6665253980385251
ADIPOQ,ABCA11P,0.4170431642569801
ADIPOQ,ABCA1,0.35966019308788894
ADIPOQ,ABCC3,0.027488272579919735
ADIPOQ,ABCC10,0.1826140112539479
ADIPOQ,ABCC2,0.0010640898659564704
ADIPOQ,AAAS,0.44332691012788816
ADIPOQ,ABCA9,0.8561997751322026
ADIPOQ,AACS,0.8613504216592859
ADIPOQ,ABCC4,-0.014538247853347936
ADIPOQ,ABC9-43961700F1.1,-0.010801599798206288
ADIPOQ,ABCC6,0.9839315400086618
ADIPOQ,ABCC6P1,0.7578866728500626
ADIPOQ,ABCC12,-0.039670264429262025
ADIPOQ,ABCA17P,0.1794237764579271
ADIPOQ,ABC13-48559800H2.2,-0.011305027721573014
ADIPOQ,AANAT,0.06953087458734712
ADIPOQ,ABC13-47488600E17.1,0.06421362777154481
ADIPOQ,AARS2,0.14171760516922638
ADIPOQ,ABCC9,0.8024150218395891
ADIPOQ,ABCC1,0.04127290975809
ADIPOQ,AATF,0.2806796604630068
ADIPOQ,ABCB1,0.4536787212462847
ADIPOQ,AAMDC,0.9649116215022996
BTBD9,ABC14-864958H18.2,-0.006142236295786928
BTBD9,ABCB7,-0.048294622494296495
BTBD9,AAK1,0.04025785212852619
BTBD9,ABCD4,0.32684118862804795
BTBD9,ABC7-42391500H16.4,0.005606686004373776
BTBD9,ABC12-47964100C23.1,-0.007628576723153165
BTBD9,AADAT,0.02948673523422542
BTBD9,AADACL3,-0.012681975508553649
BTBD9,AB019441.29,0.502304748388061
BTBD9,A2M,-0.02861104035619169
BTBD9,ABCB10P3,4.430384612409852e-05
BTBD9,ABCA7,-0.03330529509046795
BTBD9,AASS,-0.023707445321122466
BTBD9,ABCB8,-0.0033728939841846215
BTBD9,ABCC13,0.00539967382896495
BTBD9,AARS,-0.04747472216848834
BTBD9,ABCA8,-0.01139116521097617
BTBD9,ABCB4,-0.0026783001029472044
BTBD9,AASDH,-0.04103748442182049
BTBD9,A4GALT,-0.026925908837470963
BTBD9,ABCB6,-0.03001225464742352
BTBD9,ABCC6P2,-0.018243305329395578
BTBD9,ABCB10P1,-0.018094236716597725
BTBD9,ABCB11,-0.03490074583269966
BTBD9,ABCB10P4,-0.010157363190338217
BTBD9,ABCC11,-0.02142611357416371
BTBD9,A1BG,0.12884152585381772
BTBD9,AAGAB,-0.027519085303340407
BTBD9,AADACL4,-0.01188234120326573
BTBD9,ABCB10,-0.033604741143052445
BTBD9,AASDHPPT,-0.046957751959152534
BTBD9,ABCD2,-0.008573477831733215
BTBD9,ABCC5,-0.031062021512007036
BTBD9,ABC13-48559800H2.1,0.017454667009443973
BTBD9,AAED1,0.0051987243067342665
BTBD9,ABCA6,-0.004475905369814804
BTBD9,ABCD3,-0.05804964802277406
BTBD9,ABCD1,-0.02957427006776226
BTBD9,AATK-AS1,0.02258129396055164
BTBD9,ABC13-47656900H15.1,0.046787515174670155
BTBD9,ABCD1P5,-0.011813480597881319
BTBD9,ABCA5,-0.016672558018737592
BTBD9,ABCA2,-0.0503029192713454
BTBD9,ABCB9,-0.009867726705454131
BTBD9,ABC7-42418200C9.1,0.8208232703143085
BTBD9,ABC7-42404400C24.1,-0.014944093883886598
BTBD9,AARSD1,-0.029020130407762624
BTBD9,ABCA10,-0.004777365460567261
BTBD9,AADACP1,-0.012577557219780123
BTBD9,AAR2,-0.03453294368874149
BTBD9,A3GALT2,0.020066672582492905
BTBD9,AADAC,-0.011635992041812657
BTBD9,ABCA3,-0.04383096037391369
BTBD9,ABCA4,-0.03470476671196694
BTBD9,A2MP1,-0.03639042411199833
BTBD9,AAMP,-0.039492159060084124
BTBD9,ABCA11P,-0.005354954357715276
BTBD9,ABCA1,-0.010595575906427969
BTBD9,ABCC3,-0.01530712362883297
BTBD9,ABCC10,-0.027592421415687133
BTBD9,ABCC2,-0.009632358901372425
BTBD9,AAAS,-0.03375262089510332
BTBD9,ABCA9,-0.008138119542649477
BTBD9,AACS,-0.017297366829725092
BTBD9,ABCC4,-0.011832397169679525
BTBD9,ABC9-43961700F1.1,-0.005474621996017625
BTBD9,ABCC6,-0.0069617363091958465
BTBD9,ABCC6P1,-0.013840313954626133
BTBD9,ABCC12,-0.041977497238955025
BTBD9,ABCA17P,0.008614706689094793
BTBD9,ABC13-48559800H2.2,-0.005252729923354857
BTBD9,AANAT,0.02794073402926691
BTBD9,ABC13-47488600E17.1,-0.017765468284033768
BTBD9,AARS2,-0.021976148933758807
BTBD9,ABCC9,-0.012576726473457022
BTBD9,ABCC1,-0.019770451012557755
BTBD9,AATF,-0.04782250587768513
BTBD9,ABCB1,-0.031203197499138816
BTBD9,AAMDC,-0.009046045955887915
ACTG1,ABC14-864958H18.2,0.29281852652097373
ACTG1,ABCB7,0.5532289909983786
ACTG1,AAK1,0.38692275401563025
ACTG1,ABCD4,0.47444860343396034
ACTG1,ABC7-42391500H16.4,0.11535364403577589
ACTG1,ABC12-47964100C23.1,0.09725399487178492
ACTG1,AADAT,0.5527959296136846
ACTG1,AADACL3,0.0983392197048223
ACTG1,AB019441.29,0.400608126517927
ACTG1,A2M,0.05530317740119397
ACTG1,ABCB10P3,-0.01721190525522273
ACTG1,ABCA7,0.5269498155747049
ACTG1,AASS,0.10901654384923282
ACTG1,ABCB8,0.8145081909040652
ACTG1,ABCC13,0.07790922451847923
ACTG1,AARS,0.7807572995280341
ACTG1,ABCA8,0.1087534777666679
ACTG1,ABCB4,0.20225736722377077
ACTG1,AASDH,0.4243498830956473
ACTG1,A4GALT,0.6222294671057154
ACTG1,ABCB6,0.6328712854356395
ACTG1,ABCC6P2,0.34507439172312304
ACTG1,ABCB10P1,0.6726279873843968
ACTG1,ABCB11,0.12426212172427015
ACTG1,ABCB10P4,-0.026253296462650004
ACTG1,ABCC11,0.5126102077411129
ACTG1,A1BG,0.2790171742164728
ACTG1,AAGAB,0.6399146820782743
ACTG1,AADACL4,0.05299308648028147
ACTG1,ABCB10,0.5134789765731677
ACTG1,AASDHPPT,0.560570867620931
ACTG1,ABCD2,0.09411574471996155
ACTG1,ABCC5,0.4835628742554404
ACTG1,ABC13-48559800H2.1,0.5545345939441456
ACTG1,AAED1,0.3637992909938301
ACTG1,ABCA6,0.24253602729092189
ACTG1,ABCD3,0.4471601737006152
ACTG1,ABCD1,0.28093297710955967
ACTG1,AATK-AS1,0.10783573646981133
ACTG1,ABC13-47656900H15.1,0.4895519108373872
ACTG1,ABCD1P5,0.1039703577817132
ACTG1,ABCA5,0.21725758252092758
ACTG1,ABCA2,0.2887270734123677
ACTG1,ABCB9,0.6796562976956311
ACTG1,ABC7-42418200C9.1,0.018658940038268693
ACTG1,ABC7-42404400C24.1,0.7098289359995251
ACTG1,AARSD1,0.66217816577261
ACTG1,ABCA10,0.1668507368152877
ACTG1,AADACP1,0.7627154646535169
ACTG1,AAR2,0.7490182075434492
ACTG1,A3GALT2,0.1459201584616719
ACTG1,AADAC,0.31802822044146
ACTG1,ABCA3,0.3283431726020219
ACTG1,ABCA4,0.37958552415738883
ACTG1,A2MP1,0.08780030828634393
ACTG1,AAMP,0.7118334367423081
ACTG1,ABCA11P,0.3113213362189656
ACTG1,ABCA1,0.209031667452083
ACTG1,ABCC3,0.773993903171032
ACTG1,ABCC10,0.6723644319393036
ACTG1,ABCC2,0.7574605446792908
ACTG1,AAAS,0.8549597177581233
ACTG1,ABCA9,0.15802008231252193
ACTG1,AACS,0.3662170821264522
ACTG1,ABCC4,0.2503956416559261
ACTG1,ABC9-43961700F1.1,0.22111909703662122
ACTG1,ABCC6,0.1262066118651473
ACTG1,ABCC6P1,0.08433102318809903
ACTG1,ABCC12,0.4949202635265223
ACTG1,ABCA17P,0.1604117954521437
ACTG1,ABC13-48559800H2.2,0.3877024319050649
ACTG1,AANAT,0.44961540954774826
ACTG1,ABC13-47488600E17.1,0.39543769964578945
ACTG1,AARS2,0.5776330150840672
ACTG1,ABCC9,0.13791530266659868
ACTG1,ABCC1,0.753609785949562
ACTG1,AATF,0.7352306436637038
ACTG1,ABCB1,0.18664252066791395
ACTG1,AAMDC,0.13071154957081685
ADIRF,ABC14-864958H18.2,0.20082712670015906
ADIRF,ABCB7,0.40715562361535274
ADIRF,AAK1,0.2594112368090189
ADIRF,ABCD4,0.4503545365133634
ADIRF,ABC7-42391500H16.4,0.14172606139893115
ADIRF,ABC12-47964100C23.1,0.9985156495389249
ADIRF,AADAT,0.2488860658277611
ADIRF,AADACL3,0.3473304540941512
ADIRF,AB019441.29,0.17955119176768397
ADIRF,A2M,0.8794939283956873
ADIRF,ABCB10P3,-0.0045459084186372685
ADIRF,ABCA7,0.15805958958582458
ADIRF,AASS,0.061516201155972915
ADIRF,ABCB8,0.38589651034142775
ADIRF,ABCC13,0.015542108294805105
ADIRF,AARS,0.22831493427928554
ADIRF,ABCA8,0.8876089026586282
ADIRF,ABCB4,0.06724303192417459
ADIRF,AASDH,0.3128537928876034
ADIRF,A4GALT,0.511646405067195
ADIRF,ABCB6,0.6492896468450967
ADIRF,ABCC6P2,0.6896980516452942
ADIRF,ABCB10P1,-0.01799054217959603
ADIRF,ABCB11,0.3515244785884216
ADIRF,ABCB10P4,-0.010900771006019706
ADIRF,ABCC11,0.3083042221086284
ADIRF,A1BG,0.1468870655542585
ADIRF,AAGAB,0.30631821524669406
ADIRF,AADACL4,0.7804694972208148
ADIRF,ABCB10,0.22811853089375067
ADIRF,AASDHPPT,0.22007922021613197
ADIRF,ABCD2,0.9372264514590529
ADIRF,ABCC5,0.2559418784404718
ADIRF,ABC13-48559800H2.1,-0.03775496590458328
ADIRF,AAED1,0.2470609818418017
ADIRF,ABCA6,0.33028184798732163
ADIRF,ABCD3,0.36368969776154636
ADIRF,ABCD1,0.3298939658278735
ADIRF,AATK-AS1,0.9793198216836055
ADIRF,ABC13-47656900H15.1,0.09388748976166565
ADIRF,ABCD1P5,0.07250585938059352
ADIRF,ABCA5,0.26828368501968364
ADIRF,ABCA2,0.20597916349180195
ADIRF,ABCB9,0.10784875529047597
ADIRF,ABC7-42418200C9.1,0.014691110039829806
ADIRF,ABC7-42404400C24.1,0.1260506244134183
ADIRF,AARSD1,0.7183897738445075
ADIRF,ABCA10,0.7574021644105062
ADIRF,AADACP1,0.029656419329013604
ADIRF,AAR2,0.5155273919727567
ADIRF,A3GALT2,0.002160692879733171
ADIRF,AADAC,0.9478135951930448
ADIRF,ABCA3,0.2558993990042483
ADIRF,ABCA4,0.4370540162915251
ADIRF,A2MP1,0.6525858008064495
ADIRF,AAMP,0.6388894015874071
ADIRF,ABCA11P,0.37979698080772784
ADIRF,ABCA1,0.3619316942475004
ADIRF,ABCC3,0.02879974568497423
ADIRF,ABCC10,0.16568316330736207
ADIRF,ABCC2,0.00201164872540989
ADIRF,AAAS,0.4056897663390611
ADIRF,ABCA9,0.7899605211601982
ADIRF,AACS,0.866178804515049
ADIRF,ABCC4,-0.013492423955083871
ADIRF,ABC9-43961700F1.1,-0.01040758388846924
ADIRF,ABCC6,0.9123688927119961
ADIRF,ABCC6P1,0.739304600373102
ADIRF,ABCC12,-0.03697383964012309
ADIRF,ABCA17P,0.16741640068985744
ADIRF,ABC13-48559800H2.2,-0.011190130735356959
ADIRF,AANAT,0.07932176607039994
ADIRF,ABC13-47488600E17.1,0.036343936932763075
ADIRF,AARS2,0.12404447435869485
ADIRF,ABCC9,0.7623694571957911
ADIRF,ABCC1,0.03948304887981444
ADIRF,AATF,0.25701715517982987
ADIRF,ABCB1,0.4398527515831441
ADIRF,AAMDC,0.9969631299928363
CD47,ABC14-864958H18.2,-0.016440757872238247
CD47,ABCB7,-0.05246758600465858
CD47,AAK1,0.0927527121917769
CD47,ABCD4,0.2222646731571471
CD47,ABC7-42391500H16.4,-0.006330031171301534
CD47,ABC12-47964100C23.1,-0.0074146798542097875
CD47,AADAT,0.10015407864145077
CD47,AADACL3,-0.017909239503986315
CD47,AB019441.29,0.3735509565540873
CD47,A2M,-0.032529739658853744
CD47,ABCB10P3,-0.007588152664965179
CD47,ABCA7,-0.03903776500962516
CD47,AASS,-0.030628734131645914
CD47,ABCB8,-0.0064699717684263405
CD47,ABCC13,-0.0012009052511136506
CD47,AARS,-0.0569978441760255
CD47,ABCA8,-0.014733065899249838
CD47,ABCB4,-0.004164970323848056
CD47,AASDH,-0.050964267254000384
CD47,A4GALT,-0.03289084368428518
CD47,ABCB6,-0.03588100513685048
CD47,ABCC6P2,-0.026702962950234402
CD47,ABCB10P1,-0.023338802902283434
CD47,ABCB11,-0.0394431951026178
CD47,ABCB10P4,-0.014930218459076326
CD47,ABCC11,-0.02979235637425518
CD47,A1BG,0.17485174443847387
CD47,AAGAB,-0.039390790725847794
CD47,AADACL4,-0.013588990631806495
CD47,ABCB10,-0.04183734896991055
CD47,AASDHPPT,-0.05950561956853743
CD47,ABCD2,-0.009656644329700995
CD47,ABCC5,-0.04461111401237083
CD47,ABC13-48559800H2.1,0.02499255871163252
CD47,AAED1,0.0025217460213800033
CD47,ABCA6,-0.006989623796764302
CD47,ABCD3,-0.06979379316298195
CD47,ABCD1,-0.03415080961598331
CD47,AATK-AS1,0.011885183660559184
CD47,ABC13-47656900H15.1,0.022821799176198025
CD47,ABCD1P5,-0.01763713940147301
CD47,ABCA5,-0.021601706624443367
CD47,ABCA2,-0.06113358670390652
CD47,ABCB9,-0.01557481688919737
CD47,ABC7-42418200C9.1,0.6118539072060788
CD47,ABC7-42404400C24.1,-0.02614546505194264
CD47,AARSD1,-0.03935773378932377
CD47,ABCA10,-0.007911153587640104
CD47,AADACP1,-0.014690652019706912
CD47,AAR2,-0.04294141581679103
CD47,A3GALT2,0.003364806319500457
CD47,AADAC,-0.01240887792721424
CD47,ABCA3,-0.059835520040338486
CD47,ABCA4,-0.043757178223507893
CD47,A2MP1,-0.04339916799779796
CD47,AAMP,-0.04707805300048053
CD47,ABCA11P,-0.026447835496586667
CD47,ABCA1,-0.012835571101150365
CD47,ABCC3,-0.01809480587009846
CD47,ABCC10,-0.03840632267333814
CD47,ABCC2,-0.012302346355439777
CD47,AAAS,-0.04297721368336099
CD47,ABCA9,-0.010290234739074356
CD47,AACS,-0.020594962166641483
CD47,ABCC4,-0.011102160994995842
CD47,ABC9-43961700F1.1,-0.006175946998338041
CD47,ABCC6,-0.007916302367031629
CD47,ABCC6P1,-0.01835773526194491
CD47,ABCC12,-0.052255880404387015
CD47,ABCA17P,-0.008033115951292977
CD47,ABC13-48559800H2.2,-0.01046723033245147
CD47,AANAT,0.007398302238869574
CD47,ABC13-47488600E17.1,-0.003965388444349845
CD47,AARS2,-0.033112842591400224
CD47,ABCC9,-0.01870475998244065
CD47,ABCC1,-0.016670039808811557
CD47,AATF,-0.05542915888467326
CD47,ABCB1,-0.0381647874160212
CD47,AAMDC,-0.009469835769810777
AGPAT2,ABC14-864958H18.2,0.22677632976671905
AGPAT2,ABCB7,0.4396274591879239
AGPAT2,AAK1,0.2921673661069472
AGPAT2,ABCD4,0.4954580689997949
AGPAT2,ABC7-42391500H16.4,0.1460338265560984
AGPAT2,ABC12-47964100C23.1,0.9718030202325484
AGPAT2,AADAT,0.2734852403407807
AGPAT2,AADACL3,0.357560756560927
AGPAT2,AB019441.29,0.17436360554683372
AGPAT2,A2M,0.9150360749247588
AGPAT2,ABCB10P3,-0.0016843048381564875
AGPAT2,ABCA7,0.19917890899193616
AGPAT2,AASS,0.07427386546025141
AGPAT2,ABCB8,0.43536544345506567
AGPAT2,ABCC13,0.015413033711800172
AGPAT2,AARS,0.26887205896116456
AGPAT2,ABCA8,0.9357973962954866
AGPAT2,ABCB4,0.06962918537714594
AGPAT2,AASDH,0.3271106313011295
AGPAT2,A4GALT,0.5104577886560694
AGPAT2,ABCB6,0.7050744801442265
AGPAT2,ABCC6P2,0.7306158867854566
AGPAT2,ABCB10P1,-0.0019540696663133627
AGPAT2,ABCB11,0.42234836324650793
AGPAT2,ABCB10P4,-0.011366795733915887
AGPAT2,ABCC11,0.3377028436786939
AGPAT2,A1BG,0.14311909382052576
AGPAT2,AAGAB,0.3250538996923189
AGPAT2,AADACL4,0.6257266768828128
AGPAT2,ABCB10,0.2586926433856327
AGPAT2,AASDHPPT,0.24327546246213338
AGPAT2,ABCD2,0.9666773497267123
AGPAT2,ABCC5,0.30001650460162055
AGPAT2,ABC13-48559800H2.1,-0.021145120669651497
AGPAT2,AAED1,0.26237393272619114
AGPAT2,ABCA6,0.3489263554066365
AGPAT2,ABCD3,0.3884067182740969
AGPAT2,ABCD1,0.3837795725248683
AGPAT2,AATK-AS1,0.9440373700245492
AGPAT2,ABC13-47656900H15.1,0.12215608865344212
AGPAT2,ABCD1P5,0.05499048342876103
AGPAT2,ABCA5,0.2809098225047574
AGPAT2,ABCA2,0.259451283925923
AGPAT2,ABCB9,0.14028268601531244
AGPAT2,ABC7-42418200C9.1,0.01263761737047255
AGPAT2,ABC7-42404400C24.1,0.17087704107855695
AGPAT2,AARSD1,0.7426358189275044
AGPAT2,ABCA10,0.8451997317957434
AGPAT2,AADACP1,0.05144481049931996
AGPAT2,AAR2,0.5535384218288886
AGPAT2,A3GALT2,0.023376683972341883
AGPAT2,AADAC,0.9482246542054146
AGPAT2,ABCA3,0.29915253461264996
AGPAT2,ABCA4,0.48119638595819714
AGPAT2,A2MP1,0.742078773938342
AGPAT2,AAMP,0.6861130284499909
AGPAT2,ABCA11P,0.42717793826878686
AGPAT2,ABCA1,0.3641211222144407
AGPAT2,ABCC3,0.04968254352865566
AGPAT2,ABCC10,0.20155870884884589
AGPAT2,ABCC2,0.021183120206162608
AGPAT2,AAAS,0.4657558513624683
AGPAT2,ABCA9,0.8570451228397343
AGPAT2,AACS,0.8695616589558625
AGPAT2,ABCC4,-0.006200806046712731
AGPAT2,ABC9-43961700F1.1,-0.010162960140040018
AGPAT2,ABCC6,0.9844801641594526
AGPAT2,ABCC6P1,0.7585541700720523
AGPAT2,ABCC12,-0.02778541023448575
AGPAT2,ABCA17P,0.18322404385943777
AGPAT2,ABC13-48559800H2.2,-0.0070170677775816615
AGPAT2,AANAT,0.08254396791696601
AGPAT2,ABC13-47488600E17.1,0.07637663728581832
AGPAT2,AARS2,0.16011118075371533
AGPAT2,ABCC9,0.8032425360820572
AGPAT2,ABCC1,0.06328162051959235
AGPAT2,AATF,0.3005163138805174
AGPAT2,ABCB1,0.4608451995945915
AGPAT2,AAMDC,0.9664185358040819
