TF,Target,importance,correlation,p_value
ADIRF,ABC12-47964100C23.1,0.9985156495389249,0.9985156495389249,3.2051937373247393e-252
ADIRF,AAMDC,0.9969631299928363,0.9969631299928363,1.7831809543566427e-221
ADH1B,ABC12-47964100C23.1,0.9967982733562776,0.9967982733562776,3.3156118288581776e-219
ADH1B,AAMDC,0.9931282486778908,0.9931282486778908,1.904096115958245e-186
ACSL1,ABCC6,0.987852504022578,0.987852504022578,4.597634950152312e-162
AGPAT2,ABCC6,0.9844801641594526,0.9844801641594526,1.3324098565125722e-151
ADIPOQ,ABCC6,0.9839315400086618,0.9839315400086618,4.04217934036828e-150
CD36,ABCC6,0.9815389054583419,0.9815389054583419,3.3405204992891083e-144
ADIRF,AATK-AS1,0.9793198216836055,0.9793198216836055,2.2750816916452055e-139
ALDH1A1,ABCC2,0.9753586954908837,0.9753586954908837,6.418602311662784e-132
ADH1B,AATK-AS1,0.9727836115102831,0.9727836115102831,1.061706554460793e-127
CD36,ABC12-47964100C23.1,0.9724820405206139,0.9724820405206139,3.114240492296137e-127
AGPAT2,ABC12-47964100C23.1,0.9718030202325484,0.9718030202325484,3.3643333826891685e-126
ADIPOQ,ABC12-47964100C23.1,0.9715295951113316,0.9715295951113316,8.629219598460617e-126
ADIPOQ,ABCD2,0.9674119090502227,0.9674119090502227,4.5265403918455856e-120
ACSL1,ABCD2,0.9674041205609162,0.9674041205609162,4.6331267432744885e-120
CD36,AAMDC,0.9672362394170745,0.9672362394170745,7.641045911115297e-120
AGPAT2,ABCD2,0.9666773497267123,0.9666773497267123,3.966595233677411e-119
AGPAT2,AAMDC,0.9664185358040819,0.9664185358040819,8.424101918520311e-119
CD36,ABCD2,0.9658953236387755,0.9658953236387755,3.793420963955896e-118
ADIPOQ,AAMDC,0.9649116215022996,0.9649116215022996,6.0330461142567935e-117
ACSL1,ABC12-47964100C23.1,0.9631573621717386,0.9631573621717386,6.925799120244117e-115
ADH1B,ABCD2,0.957711393138607,0.957711393138607,4.475703174006909e-109
ACSL1,AAMDC,0.9571269207752771,0.9571269207752771,1.6922089134692263e-108
ALDH1A1,AADACP1,0.9553739561272238,0.9553739561272238,8.197503347444128e-107
ADH1B,AADAC,0.9540006435217583,0.9540006435217583,1.539095762907276e-105
ADH1B,ABCC6,0.9512456984862434,0.9512456984862434,4.253077199064707e-103
AKR1C2,AADAC,0.9500524068909935,0.9500524068909935,4.391384933498176e-102
AGPAT2,AADAC,0.9482246542054146,0.9482246542054146,1.407170952419797e-100
ADIRF,AADAC,0.9478135951930448,0.9478135951930448,3.0162212835203444e-100
ALDOA,AAMP,0.9452967061274836,0.9452967061274836,2.8194624800015496e-98
ALDH1A1,ABCC3,0.9442776343637196,0.9442776343637196,1.6660604160171922e-97
AGPAT2,AATK-AS1,0.9440373700245492,0.9440373700245492,2.52043229505989e-97
CD36,AATK-AS1,0.9432486683122014,0.9432486683122014,9.685081826103775e-97
ADIPOQ,AATK-AS1,0.9423882651392564,0.9423882651392564,4.115370615991179e-96
ADIPOQ,AADAC,0.942366567284446,0.942366567284446,4.267056847311686e-96
CD36,AADAC,0.9423085841859192,0.9423085841859192,4.700083936307586e-96
ACSL1,AADAC,0.937282643242774,0.937282643242774,1.4268601234136113e-92
ADIRF,ABCD2,0.9372264514590529,0.9372264514590529,1.55476375278396e-92
ACSL1,ABCA8,0.9372190906134491,0.9372190906134491,1.5723373842160235e-92
ALDOA,AARSD1,0.9366594726700157,0.9366594726700157,3.680724107491139e-92
ADIPOQ,ABCA8,0.9360121525424406,0.9360121525424406,9.75042470019442e-92
AGPAT2,ABCA8,0.9357973962954866,0.9357973962954866,1.3440373633649186e-91
CD36,ABCA8,0.9345765784192079,0.9345765784192079,8.160727094882188e-91
ACSL1,AATK-AS1,0.9339804615900088,0.9339804615900088,1.944178218445044e-90
AHNAK,AAED1,0.9321910706478267,0.9321910706478267,2.5094943837516126e-89
AC010970.2,ABCB10P4,0.9297741571751887,0.9297741571751887,7.123330262147244e-88
AC010970.2,ABCB10P3,0.9290696946479042,0.9290696946479042,1.8469805073241594e-87
ADIPOQ,A2M,0.9165177649983737,0.9165177649983737,9.93322710577452e-81
ADH1B,ABCA8,0.9164864088602981,0.9164864088602981,1.0293134654186985e-80
AGPAT2,A2M,0.9150360749247588,0.9150360749247588,5.2594591145335714e-80
ACSL1,A2M,0.9143621684692744,0.9143621684692744,1.111227109972595e-79
CD36,A2M,0.9142772331395193,0.9142772331395193,1.22055228860935e-79
ADIRF,ABCC6,0.9123688927119961,0.9123688927119961,9.799853948693018e-79
ALDOA,ABCB6,0.9034536955210797,0.9034536955210797,9.123990489488423e-75
ADH1B,A2M,0.9026059474972361,0.9026059474972361,2.076422907819859e-74
ALDOA,AAR2,0.8957820103531821,0.8957820103531821,1.1959184503462026e-71
ALDOA,AACS,0.8893053895316221,0.8893053895316221,3.3563803741736455e-69
ADIRF,ABCA8,0.8876089026586282,0.8876089026586282,1.3867672921118411e-68
ANXA2,ABCB6,0.8835870301796578,0.8835870301796578,3.6637088520695905e-67
ALDH1A1,ABC7-42404400C24.1,0.8825626744062709,0.8825626744062709,8.273768933667133e-67
ADIRF,A2M,0.8794939283956873,0.8794939283956873,9.080891490057233e-66
ADH1B,AACS,0.8755018559010759,0.8755018559010759,1.8616593773479714e-64
CD36,AACS,0.87487219162257,0.87487219162257,2.9694532255271362e-64
ANXA2,AAMP,0.8738210554328106,0.8738210554328106,6.438019225666368e-64
AC010970.2,ABC7-42391500H16.4,0.8721128886323667,0.8721128886323667,2.231145043861599e-63
AGPAT2,AACS,0.8695616589558625,0.8695616589558625,1.3817264847024025e-62
AKR1C2,AARSD1,0.8664795880602372,0.8664795880602372,1.1887837304113006e-61
ADIRF,AACS,0.866178804515049,0.866178804515049,1.4624106489962813e-61
ACSL1,AACS,0.8658500575278897,0.8658500575278897,1.8329485229663442e-61
ACSL1,ABCA9,0.864407238637596,0.864407238637596,4.904111982907319e-61
ANXA2,AARSD1,0.863836795606646,0.863836795606646,7.214210247184028e-61
ADIPOQ,AACS,0.8613504216592859,0.8613504216592859,3.802331227250494e-60
ALDH1A1,ABCB10P1,0.8613113952069531,0.8613113952069531,3.901829254084436e-60
AGPAT2,ABCA9,0.8570451228397343,0.8570451228397343,6.2718543466687945e-59
ADIPOQ,ABCA9,0.8561997751322026,0.8561997751322026,1.0758226516612642e-58
ACTG1,AAAS,0.8549597177581233,0.8549597177581233,2.3594273195275208e-58
CD36,ABCA9,0.8548343700437595,0.8548343700437595,2.553321319099346e-58
ACSL1,ABCA10,0.8546371379794399,0.8546371379794399,2.890738291302816e-58
ALDOA,AADAC,0.8508526690471243,0.8508526690471243,3.0208337343703056e-57
AKR1C2,ABCB6,0.8506339455768166,0.8506339455768166,3.4527220047821396e-57
AKR1C2,AAMDC,0.8468980874567857,0.8468980874567857,3.275723326971403e-56
AGPAT2,ABCA10,0.8451997317957434,0.8451997317957434,8.931611439380547e-56
AKR1C2,ABC12-47964100C23.1,0.8438540228798423,0.8438540228798423,1.9606240469544955e-55
ADIPOQ,ABCA10,0.8438539851107217,0.8438539851107217,1.960667108014228e-55
ALDOA,AAAS,0.8419243412606848,0.8419243412606848,5.976412064320248e-55
CD36,ABCA10,0.8408833861343955,0.8408833861343955,1.083595468166904e-54
AKR1C2,AAMP,0.8365732905853559,0.8365732905853559,1.2173836543417756e-53
AHNAK,ABCA6,0.8340206525761948,0.8340206525761948,4.935217383397932e-53
ANXA2,ABCB8,0.8338966125366448,0.8338966125366448,5.2793591799371555e-53
ANXA2,AADAC,0.8330107894338347,0.8330107894338347,8.529933460678214e-53
ADH1B,ABCA9,0.8326100606863293,0.8326100606863293,1.0587762543357522e-52
AKR1C2,ABCC6,0.8257374484492122,0.8257374484492122,3.951905128586369e-51
AKR1C2,AATK-AS1,0.8253232295784512,0.8253232295784512,4.8903837037633345e-51
ANXA2,AAAS,0.8245526109766446,0.8245526109766446,7.258568033184104e-51
BTBD9,ABC7-42418200C9.1,0.8208232703143085,0.8208232703143085,4.776995758898054e-50
AKR1C2,AACS,0.8183482097014851,0.8183482097014851,1.628595599474799e-49
AKR1C2,ABCD2,0.8160829564713153,0.8160829564713153,4.923237048873458e-49
ACTG1,ABCB8,0.8145081909040652,0.8145081909040652,1.0528151903007988e-48
ACSL1,ABCC9,0.8095995938421298,0.8095995938421298,1.0750790108312464e-47
ADH1B,ABCA10,0.8085913243100505,0.8085913243100505,1.7182717051252597e-47
ACTB,AAR2,0.805333488561023,0.805333488561023,7.672452794330265e-47
AGPAT2,ABCC9,0.8032425360820572,0.8032425360820572,1.975044509252235e-46
CD36,ABCC9,0.8029137389368184,0.8029137389368184,2.289285604942586e-46
ADIPOQ,ABCC9,0.8024150218395891,0.8024150218395891,2.8624014190665922e-46
ALDOA,ABCB8,0.7995025331461354,0.7995025331461354,1.0420676339354174e-45
B2M,AACS,0.7975149154258746,0.7975149154258746,2.4864220632353433e-45
ACTB,AARS,0.7969110177682417,0.7969110177682417,3.232144382802632e-45
ANXA2,AAR2,0.7955963174539592,0.7955963174539592,5.70375539386519e-45
ACTB,AAAS,0.795531027298966,0.795531027298966,5.866293837438709e-45
ADH1B,ABCC9,0.790440464575644,0.790440464575644,5.085800347426569e-44
ADIRF,ABCA9,0.7899605211601982,0.7899605211601982,6.21511463996477e-44
ALDOA,ABCC6,0.7835597390021368,0.7835597390021368,8.581779296660922e-43
ALDOA,AAMDC,0.7827096106160869,0.7827096106160869,1.2080565758127651e-42
AKR1C2,ABCA8,0.7820701370257392,0.7820701370257392,1.560837011272895e-42
ACTG1,AARS,0.7807572995280341,0.7807572995280341,2.634030889328618e-42
ADIRF,AADACL4,0.7804694972208148,0.7804694972208148,2.952787852366668e-42
ACTG1,ABCC3,0.773993903171032,0.773993903171032,3.690078698305477e-41
AKR1C2,A2M,0.7700898816314015,0.7700898816314015,1.6249015214147982e-40
ALDOA,ABC12-47964100C23.1,0.7646567705088756,0.7646567705088756,1.2187008840231391e-39
ALDOA,AATK-AS1,0.764239362659811,0.764239362659811,1.4195422439245859e-39
ACTG1,AADACP1,0.7627154646535169,0.7627154646535169,2.4709400030831764e-39
ADIRF,ABCC9,0.7623694571957911,0.7623694571957911,2.8006910261886983e-39
B2M,AAMDC,0.7595355287028676,0.7595355287028676,7.751388934938077e-39
ALDOA,ABCD2,0.7586478323896759,0.7586478323896759,1.0631883302529459e-38
AGPAT2,ABCC6P1,0.7585541700720523,0.7585541700720523,1.099145119365934e-38
ADIPOQ,ABCC6P1,0.7578866728500626,0.7578866728500626,1.3925400617951715e-38
ACTG1,ABCC2,0.7574605446792908,0.7574605446792908,1.6189393735807537e-38
ADIRF,ABCA10,0.7574021644105062,0.7574021644105062,1.6526584020075435e-38
CD36,ABCC6P1,0.7561173319755863,0.7561173319755863,2.5975875697401003e-38
ACSL1,ABCC6P1,0.7547297923651043,0.7547297923651043,4.219799067875324e-38
ADH1B,ABCC6P1,0.7542786999135345,0.7542786999135345,4.937364908914199e-38
ACTG1,ABCC1,0.753609785949562,0.753609785949562,6.22817649122114e-38
ACSL1,A2MP1,0.7523091394241295,0.7523091394241295,9.762546474158646e-38
ANXA2,AACS,0.7521719963306306,0.7521719963306306,1.0234698520334477e-37
ACTG1,AAR2,0.7490182075434492,0.7490182075434492,3.006782277584287e-37
ACTB,AATF,0.7462628265786543,0.7462628265786543,7.609099245951367e-37
ALDOA,ABCB7,0.7452061939733636,0.7452061939733636,1.0828950330010032e-36
ACTB,ABCB8,0.7437634055344832,0.7437634055344832,1.7483570594969735e-36
B2M,ABC12-47964100C23.1,0.7433874026871848,0.7433874026871848,1.979789320668547e-36
AGPAT2,AARSD1,0.7426358189275044,0.7426358189275044,2.5366117830012728e-36
AGPAT2,A2MP1,0.742078773938342,0.742078773938342,3.046402973587712e-36
ADIPOQ,A2MP1,0.7414314973737279,0.7414314973737279,3.7665750650745386e-36
CD36,A2MP1,0.7405994076602428,0.7405994076602428,4.943285846297495e-36
ADIRF,ABCC6P1,0.739304600373102,0.739304600373102,7.530861781872768e-36
AKR1C2,AAAS,0.7368703557663143,0.7368703557663143,1.6505926150675855e-35
ACTG1,AATF,0.7352306436637038,0.7352306436637038,2.7866140635780434e-35
CD74,ABC9-43961700F1.1,0.7350150055953109,0.7350150055953109,2.9844283431298923e-35
CD36,AARSD1,0.7339944837883771,0.7339944837883771,4.124996145333545e-35
B2M,AATK-AS1,0.733850412099366,0.733850412099366,4.3173290875076365e-35
ACSL1,AARSD1,0.7322899324385771,0.7322899324385771,7.059289996190328e-35
AGPAT2,ABCC6P2,0.7306158867854566,0.7306158867854566,1.1917564131253905e-34
AKR1C2,ABCC6P2,0.7304333695714358,0.7304333695714358,1.261479535313234e-34
ALDOA,ABCA8,0.7296476640830798,0.7296476640830798,1.6104536584780085e-34
ADH1B,AARSD1,0.7274052822478588,0.7274052822478588,3.2183053081799432e-34
B2M,ABCD2,0.7270425871288043,0.7270425871288043,3.597324885763822e-34
ADIPOQ,AARSD1,0.7263979870731951,0.7263979870731951,4.382504551902399e-34
ADH1B,AADACL4,0.724168745620704,0.724168745620704,8.637194939304955e-34
ACTB,A4GALT,0.7231342566092207,0.7231342566092207,1.1806648194527488e-33
ACSL1,ABCC6P2,0.722323417186897,0.722323417186897,1.5069586778015117e-33
ACTB,ABCC1,0.7222444834061401,0.7222444834061401,1.543112884411178e-33
ADIPOQ,ABCC6P2,0.7207273006187078,0.7207273006187078,2.430045437656019e-33
ALDOA,ABCC6P2,0.7192460917854926,0.7192460917854926,3.774853585053408e-33
ALDH1A1,AAAS,0.7184937232304007,0.7184937232304007,4.716192666899809e-33
ADIRF,AARSD1,0.7183897738445075,0.7183897738445075,4.863242269485677e-33
CD36,ABCC6P2,0.7183052219199223,0.7183052219199223,4.9861757650926e-33
ADH1B,ABCC6P2,0.7171598656968834,0.7171598656968834,6.986193570140057e-33
ANXA2,ABCC6P2,0.7169669460507394,0.7169669460507394,7.393340130515177e-33
B2M,AADAC,0.7148032675924773,0.7148032675924773,1.3910543076050543e-32
AKR1C2,AAR2,0.7138738266962162,0.7138738266962162,1.8217101825415926e-32
ACTB,AAGAB,0.7130761183687039,0.7130761183687039,2.2942520215420768e-32
ALDOA,A2M,0.7127891051625657,0.7127891051625657,2.492272473264083e-32
ACTG1,AAMP,0.7118334367423081,0.7118334367423081,3.280920487086537e-32
AKR1C2,ABCA9,0.7099219605166911,0.7099219605166911,5.667085994592982e-32
ACTG1,ABC7-42404400C24.1,0.7098289359995251,0.7098289359995251,5.819186911313663e-32
ACTB,AAMP,0.7072127445928088,0.7072127445928088,1.2204120748820113e-31
ALDOA,AAGAB,0.7055986638540742,0.7055986638540742,1.9194805307666884e-31
AGPAT2,ABCB6,0.7050744801442265,0.7050744801442265,2.2221299950451057e-31
ALDOA,A4GALT,0.7041314229082878,0.7041314229082878,2.8894491643408197e-31
ANXA2,ABCC6,0.7036762267026223,0.7036762267026223,3.2787010657016702e-31
B2M,AARSD1,0.7025416591459798,0.7025416591459798,4.487996015887364e-31
ALDOA,AARS,0.7010502862091773,0.7010502862091773,6.765583701216797e-31
CD36,ABCB6,0.6996879094628142,0.6996879094628142,9.821489761946882e-31
AKR1C2,ABCB8,0.6994182257312794,0.6994182257312794,1.0570896948907684e-30
ACSL1,ABCB6,0.6989419354871982,0.6989419354871982,1.2034402277764531e-30
AKR1C2,ABCA10,0.697467124802261,0.697467124802261,1.7951176346962844e-30
ADH1B,A2MP1,0.6936262478304074,0.6936262478304074,5.0288198428886546e-30
ANXA2,A4GALT,0.6912531314759901,0.6912531314759901,9.427284168872049e-30
ANXA2,AAMDC,0.6904745520740855,0.6904745520740855,1.1570563784230103e-29
ADIPOQ,ABCB6,0.690407216798106,0.690407216798106,1.1777027474996994e-29
ADIRF,ABCC6P2,0.6896980516452942,0.6896980516452942,1.418421678506958e-29
AHNAK,AAK1,0.6874214859492485,0.6874214859492485,2.567626181027226e-29
ALDH1A1,ABCB8,0.6869561347020375,0.6869561347020375,2.896827086338104e-29
AGPAT2,AAMP,0.6861130284499909,0.6861130284499909,3.6024054176050355e-29
B2M,ABCC6,0.6849045217585161,0.6849045217585161,4.9173841381100934e-29
AHNAK,ABC14-864958H18.2,0.6816237970708086,0.6816237970708086,1.1358517793921344e-28
ACTG1,ABCB9,0.6796562976956311,0.6796562976956311,1.8668116934818281e-28
ALDOA,ABCA9,0.6796527488085993,0.6796527488085993,1.8684789229409961e-28
ANXA2,ABCA8,0.679289326516305,0.679289326516305,2.047201667519529e-28
ALDOA,ABCD4,0.6783042233743326,0.6783042233743326,2.6206620813276684e-28
ALDOA,ABCA10,0.6778474323620438,0.6778474323620438,2.9376576807202544e-28
ACSL1,AAMP,0.6774827500812649,0.6774827500812649,3.2175671284091492e-28
ANXA2,ABC12-47964100C23.1,0.6771139075710215,0.6771139075710215,3.527338132963593e-28
ALDOA,AATF,0.6764187143842673,0.6764187143842673,4.193044238344127e-28
B2M,AAMP,0.6760893771097857,0.6760893771097857,4.550161534709523e-28
ANXA2,ABCC3,0.6758803977144544,0.6758803977144544,4.792119448561119e-28
CD36,AAMP,0.6752563302872077,0.6752563302872077,5.592563937168351e-28
ANXA2,AADACP1,0.674200267085862,0.674200267085862,7.256996849742308e-28
ACTG1,ABCB10P1,0.6726279873843968,0.6726279873843968,1.0674415758611368e-27
ACTG1,ABCC10,0.6723644319393036,0.6723644319393036,1.1385059980619085e-27
ADH1B,ABCB6,0.6723550154810137,0.6723550154810137,1.1411293486561784e-27
B2M,AAR2,0.6718983741643539,0.6718983741643539,1.2757424087647334e-27
ACTB,AARSD1,0.6710739154710534,0.6710739154710534,1.5594834896820146e-27
AKR1C2,ABCC9,0.6700901301541474,0.6700901301541474,1.9801001588374484e-27
ACTB,ABCB7,0.6674595995242818,0.6674595995242818,3.732893407157168e-27
B2M,ABCA8,0.6668879408950962,0.6668879408950962,4.280701702956699e-27
ADIPOQ,AAMP,0.6665253980385251,0.6665253980385251,4.6683350539212564e-27
ACTB,AASDHPPT,0.6659591029237211,0.6659591029237211,5.343939990978155e-27
B2M,A4GALT,0.6656082927405177,0.6656082927405177,5.8097921020740156e-27
ANXA2,ABC7-42404400C24.1,0.6640225798132471,0.6640225798132471,8.4649832978985e-27
ALDH1A1,ABCC12,0.6638859000305758,0.6638859000305758,8.743176737670225e-27
ACTG1,AARSD1,0.66217816577261,0.66217816577261,1.307704842664669e-26
ANXA2,ABCD2,0.661522272531085,0.661522272531085,1.5253064912651163e-26
ANXA2,AATK-AS1,0.6604051288845931,0.6604051288845931,1.980744349946873e-26
ACTB,ABCB10,0.6585186373220646,0.6585186373220646,3.071483993642522e-26
B2M,A2M,0.656606469854735,0.656606469854735,4.776048429547568e-26
AKR1C2,ABCC6P1,0.6556439035746775,0.6556439035746775,5.95735042974508e-26
ADH1B,AAMP,0.6555430465897284,0.6555430465897284,6.096633076133585e-26
ANXA2,ABCA9,0.6552293600466205,0.6552293600466205,6.550620831376699e-26
ADIRF,A2MP1,0.6525858008064495,0.6525858008064495,1.1958806464067046e-25
AHNAK,ABCC10,0.6508169150184742,0.6508169150184742,1.7830021231200605e-25
ANXA2,AARS,0.6501218066382384,0.6501218066382384,2.0844989724023114e-25
ADIRF,ABCB6,0.6492896468450967,0.6492896468450967,2.5118667580106963e-25
ALDOA,ABCC9,0.6492464508588179,0.6492464508588179,2.5362613652272876e-25
AHNAK,AASDH,0.6491504854832617,0.6491504854832617,2.5912937553040925e-25
ANXA2,ABCA10,0.6463958163958069,0.6463958163958069,4.782980362364024e-25
ACTB,ABCB6,0.6432512434960939,0.6432512434960939,9.555014883634868e-25
ACTG1,AAGAB,0.6399146820782743,0.6399146820782743,1.973784381868508e-24
ALDH1A1,ABCC1,0.6390466720898486,0.6390466720898486,2.3802898327680787e-24
ADIRF,AAMP,0.6388894015874071,0.6388894015874071,2.4622820628109035e-24
B2M,ABCB7,0.6337360279538007,0.6337360279538007,7.389338719263687e-24
B2M,ABCA9,0.6334254384782929,0.6334254384782929,7.890107702568184e-24
ACTG1,ABCB6,0.6328712854356395,0.6328712854356395,8.867718927489149e-24
AHNAK,ABCA5,0.6310015134413304,0.6310015134413304,1.3128694987015759e-23
CD36,AADACL4,0.6308259898579034,0.6308259898579034,1.3619434542633046e-23
AHNAK,ABCB4,0.6278929593519891,0.6278929593519891,2.5059805273043078e-23
AHNAK,ABCA1,0.6273963164505979,0.6273963164505979,2.776772070186639e-23
ANXA2,A2M,0.6272111298748945,0.6272111298748945,2.884935074236276e-23
AGPAT2,AADACL4,0.6257266768828128,0.6257266768828128,3.9153127783143945e-23
ANXA2,ABCC2,0.6253782897052653,0.6253782897052653,4.2052374174576884e-23
ADIPOQ,AADACL4,0.6245938141025471,0.6245938141025471,4.9374837235295905e-23
B2M,ABCC9,0.6233626246505676,0.6233626246505676,6.346326702789495e-23
AHNAK,ABCA10,0.6227520173316431,0.6227520173316431,7.184722168443845e-23
B2M,ABCA10,0.6227023241735089,0.6227023241735089,7.257554509424024e-23
ACTB,ABCC10,0.6225370307263688,0.6225370307263688,7.505072180708787e-23
ACTG1,A4GALT,0.6222294671057154,0.6222294671057154,7.9878941050627e-23
AHNAK,ABCA9,0.620965030686006,0.620965030686006,1.0314239226511648e-22
ALDOA,ABCD3,0.6184327393601672,0.6184327393601672,1.7148967511393293e-22
ANXA2,ABCC9,0.6159520279808017,0.6159520279808017,2.809372744059024e-22
ALDOA,ABCC6P1,0.6142615350970748,0.6142615350970748,3.9229277461408284e-22
CD47,ABC7-42418200C9.1,0.6118539072060788,0.6118539072060788,6.289601112463908e-22
ALDOA,A2MP1,0.6104810522127866,0.6104810522127866,8.217534369053036e-22
B2M,ABCB6,0.608600232380308,0.608600232380308,1.182798424243501e-21
ALDH1A1,AARS,0.6079894848976031,0.6079894848976031,1.330596174539519e-21
ACSL1,AADACL4,0.6039672883519528,0.6039672883519528,2.8712596293790406e-21
AHNAK,ABCC11,0.5983099560038643,0.5983099560038643,8.317183742055573e-21
B2M,AADACL4,0.5954795609890073,0.5954795609890073,1.4049630029240525e-20
AKR1C2,A2MP1,0.5940626884433121,0.5940626884433121,1.8230731375635565e-20
AKR1C2,AADACL4,0.5934229229096878,0.5934229229096878,2.0497834733855367e-20
B2M,AAGAB,0.5923775404642779,0.5923775404642779,2.481090094030725e-20
ACTB,ABCC3,0.5895819949851465,0.5895819949851465,4.1205440676337934e-20
AKR1C2,A4GALT,0.5885176343671509,0.5885176343671509,4.9920229626851375e-20
ALDOA,ABCB10,0.5869991619585085,0.5869991619585085,6.555704345730861e-20
ACTB,AARS2,0.5845739010386859,0.5845739010386859,1.0100741480988362e-19
ANXA2,ABCC11,0.5843482609301056,0.5843482609301056,1.05133227926469e-19
AKR1C2,ABC7-42404400C24.1,0.5829384716964903,0.5829384716964903,1.3491704890841608e-19
ALDOA,AASDHPPT,0.5814601040363894,0.5814601040363894,1.750255256130303e-19
ACTG1,AARS2,0.5776330150840672,0.5776330150840672,3.4124923949880703e-19
ALDOA,ABCB1,0.5734644907520468,0.5734644907520468,6.992449520365527e-19
AHNAK,A4GALT,0.5707068747053367,0.5707068747053367,1.1176835568014126e-18
ANXA2,ABCD4,0.5695691534797062,0.5695691534797062,1.3545708934853863e-18
ANXA2,ABCB7,0.5653090616680988,0.5653090616680988,2.764098133136472e-18
ALDOA,ABCC5,0.5633463217783832,0.5633463217783832,3.826224810812781e-18
ACTB,ABCC2,0.5624377126561544,0.5624377126561544,4.444552026068105e-18
ACTB,AADACP1,0.5615625321123625,0.5615625321123625,5.132204034537852e-18
ACTG1,AASDHPPT,0.560570867620931,0.560570867620931,6.037720946318146e-18
CD74,ABCB10,0.5588013955435015,0.5588013955435015,8.057668340915377e-18
ALDOA,ABCC1,0.5583612698588993,0.5583612698588993,8.655039300522374e-18
AHNAK,ABCC6P2,0.5578243050439843,0.5578243050439843,9.442793780089312e-18
ANXA2,AAGAB,0.5570499469152087,0.5570499469152087,1.0703785081865692e-17
ACTG1,ABC13-48559800H2.1,0.5545345939441456,0.5545345939441456,1.6046955663766316e-17
AGPAT2,AAR2,0.5535384218288886,0.5535384218288886,1.8820411813901777e-17
ACTG1,ABCB7,0.5532289909983786,0.5532289909983786,1.9773720513311484e-17
ACTG1,AADAT,0.5527959296136846,0.5527959296136846,2.118772143416975e-17
ACTB,ABC13-48559800H2.1,0.5521772840276371,0.5521772840276371,2.3380793752109124e-17
ALDH1A1,AAMP,0.5508032297194098,0.5508032297194098,2.907700103334833e-17
ACSL1,AAR2,0.5495734970971083,0.5495734970971083,3.53123458507703e-17
CD74,ABCB7,0.5488460274541923,0.5488460274541923,3.959847208562946e-17
ANXA2,AADAT,0.5488023034391656,0.5488023034391656,3.9871711843561614e-17
CD36,AAR2,0.5476111616788629,0.5476111616788629,4.806792581402508e-17
CD74,AATF,0.5449695662986287,0.5449695662986287,7.257149618190273e-17
B2M,AATF,0.5432925562343724,0.5432925562343724,9.408787546553319e-17
ANXA2,ABCC10,0.5423855753850324,0.5423855753850324,1.0820830374464048e-16
CD74,AAGAB,0.5412598258922166,0.5412598258922166,1.286415278514299e-16
AHNAK,ABCB9,0.5405029231772134,0.5405029231772134,1.444545681333209e-16
B2M,A2MP1,0.5392317007070827,0.5392317007070827,1.7539233777612732e-16
AHNAK,ABCA11P,0.5381262904761358,0.5381262904761358,2.0749556461728202e-16
ACTB,ABC9-43961700F1.1,0.5379737092844921,0.5379737092844921,2.1235567446626934e-16
AHNAK,A1BG,0.5362782179676789,0.5362782179676789,2.744447993127078e-16
ACTB,ABC7-42404400C24.1,0.5361189149098537,0.5361189149098537,2.8111814333689643e-16
ALDH1A1,ABCB6,0.5331897967063814,0.5331897967063814,4.3627549811873505e-16
B2M,ABCC6P2,0.5331652783250705,0.5331652783250705,4.3787559854962793e-16
ANXA2,ABCC6P1,0.5329736371668027,0.5329736371668027,4.50581634897053e-16
ADIPOQ,AAR2,0.5329000594092679,0.5329000594092679,4.555551116326981e-16
ACTB,ABCB10P1,0.5318931812793732,0.5318931812793732,5.292549004652557e-16
ALDOA,ABCC10,0.5317436537808434,0.5317436537808434,5.411500994432534e-16
ALDOA,AADAT,0.5312411028716616,0.5312411028716616,5.830762980460833e-16
ACTB,ABCB9,0.5305481462461968,0.5305481462461968,6.461354145318098e-16
AKR1C2,ABCC3,0.5285015907847522,0.5285015907847522,8.738660701979721e-16
ADH1B,AAR2,0.5280450267811866,0.5280450267811866,9.344931772228889e-16
B2M,ABCB1,0.5272207656313131,0.5272207656313131,1.0545268577440585e-15
ALDOA,ABCA11P,0.52700741916488,0.52700741916488,1.0879737819913972e-15
B2M,ABCC6P1,0.5269909470387262,0.5269909470387262,1.0905988600691691e-15
ACTG1,ABCA7,0.5269498155747049,0.5269498155747049,1.0971808314655612e-15
AKR1C2,AADACP1,0.5268520133330967,0.5268520133330967,1.1129877430023316e-15
AHNAK,ABC13-47488600E17.1,0.5264761460603841,0.5264761460603841,1.1758339282466962e-15
B2M,ABCD4,0.5264029773916356,0.5264029773916356,1.1884651120799336e-15
AKR1C2,ABCD4,0.5256168307021694,0.5256168307021694,1.3328289557300882e-15
ANXA2,ABCB10P1,0.5247148769078641,0.5247148769078641,1.5196313662905569e-15
ALDOA,AARS2,0.5234451937011471,0.5234451937011471,1.8265880425291188e-15
CD74,AAR2,0.5219083099375731,0.5219083099375731,2.2798860054921076e-15
AKR1C2,AARS,0.5206656429165282,0.5206656429165282,2.7252160993852502e-15
ALDH1A1,AAR2,0.5196155341791576,0.5196155341791576,3.1669091731309015e-15
ADH1B,A4GALT,0.5187359137894674,0.5187359137894674,3.590099538104824e-15
B2M,AASDHPPT,0.5168429051642777,0.5168429051642777,4.696780820528316e-15
ADIRF,AAR2,0.5155273919727567,0.5155273919727567,5.655477234828603e-15
AKR1C2,ABCC2,0.5153684334321389,0.5153684334321389,5.783533818680671e-15
CD74,AASDHPPT,0.5149136378706569,0.5149136378706569,6.165760976351371e-15
ACTG1,ABCB10,0.5134789765731677,0.5134789765731677,7.540337639673902e-15
AHNAK,ABCC9,0.5129944184748124,0.5129944184748124,8.068986687204539e-15
ANXA2,ABCD3,0.5129690876179991,0.5129690876179991,8.097596096786342e-15
ACTG1,ABCC11,0.5126102077411129,0.5126102077411129,8.513727741587935e-15
B2M,ABCD3,0.5122202289316357,0.5122202289316357,8.989600482794304e-15
ADIRF,A4GALT,0.511646405067195,0.511646405067195,9.737368225119704e-15
ALDOA,AASDH,0.5104833411373413,0.5104833411373413,1.1443972890845366e-14
AGPAT2,A4GALT,0.5104577886560694,0.5104577886560694,1.1484568883405326e-14
ALDOA,AADACL4,0.5100315527839393,0.5100315527839393,1.2182846613882797e-14
ANXA2,ABCC1,0.5093971699256146,0.5093971699256146,1.3299486287812524e-14
B2M,AASDH,0.507682342667295,0.507682342667295,1.6841963097266667e-14
ACTB,ABCD3,0.5076500642223343,0.5076500642223343,1.6916778742199787e-14
ANXA2,A2MP1,0.5073427046243854,0.5073427046243854,1.7645631550058295e-14
ACSL1,A4GALT,0.5068083840341303,0.5068083840341303,1.8986309304594394e-14
ANXA2,AATF,0.5028577246516135,0.5028577246516135,3.249935807518795e-14
BTBD9,AB019441.29,0.502304748388061,0.502304748388061,3.501945190525576e-14
CD36,A4GALT,0.4995518856223404,0.4995518856223404,5.068856177786034e-14
ALDOA,ABCA4,0.49947885236629147,0.49947885236629147,5.1185989438706713e-14
CD74,A4GALT,0.49942455835528077,0.49942455835528077,5.155886767583748e-14
ADIPOQ,A4GALT,0.49885456783319504,0.49885456783319504,5.5636902770679295e-14
ANXA2,ABCB9,0.49678769841831466,0.49678769841831466,7.323662285004144e-14
ACSL1,ABCD4,0.4964041536881515,0.4964041536881515,7.705316003268624e-14
AGPAT2,ABCD4,0.4954580689997949,0.4954580689997949,8.731587535626244e-14
ALDH1A1,AARSD1,0.4951928635090971,0.4951928635090971,9.042433410733477e-14
ACTG1,ABCC12,0.4949202635265223,0.4949202635265223,9.373188542988458e-14
CD36,ABCD4,0.4930546830078807,0.4930546830078807,1.197544410385583e-13
B2M,ABCB10,0.49184998017606857,0.49184998017606857,1.40171603036408e-13
ALDOA,ABC7-42404400C24.1,0.4910582329573912,0.4910582329573912,1.5539857316858596e-13
B2M,AAAS,0.4908551465721418,0.4908551465721418,1.5955723409382733e-13
AKR1C2,ABCC11,0.49005652542876044,0.49005652542876044,1.7698884902610648e-13
ACTG1,ABC13-47656900H15.1,0.4895519108373872,0.4895519108373872,1.8894605952837318e-13
ALDOA,ABCC11,0.487878913199512,0.487878913199512,2.344962337545885e-13
AKR1C2,ABCB7,0.48610451346946193,0.48610451346946193,2.9448509764067086e-13
ACTB,ABCD4,0.4842368030097636,0.4842368030097636,3.737479002457734e-13
ACTG1,ABCC5,0.4835628742554404,0.4835628742554404,4.071706385740757e-13
AHNAK,ABCC5,0.4817050675948254,0.4817050675948254,5.151076594460217e-13
AGPAT2,ABCA4,0.48119638595819714,0.48119638595819714,5.492276378022522e-13
ADIPOQ,ABCD4,0.4807396688181471,0.4807396688181471,5.817308784801965e-13
CD74,AARS,0.480597505897781,0.480597505897781,5.922252540224126e-13
ACSL1,ABCA4,0.4805766620888186,0.4805766620888186,5.937793514201589e-13
ALDOA,ABCD1,0.47962966096375903,0.47962966096375903,6.687357642154498e-13
B2M,ABCB8,0.479374737965439,0.479374737965439,6.904394110115661e-13
ANXA2,ABCA4,0.47917208571642467,0.47917208571642467,7.081809192040635e-13
AHNAK,ABCD1,0.477975396966871,0.477975396966871,8.223623508337442e-13
ADIPOQ,ABCA4,0.47706491099046333,0.47706491099046333,9.210588399004752e-13
B2M,AARS,0.4765636796305065,0.4765636796305065,9.80220365683699e-13
ACTB,ABCA7,0.4758937888377404,0.4758937888377404,1.0650964047883461e-12
ALDOA,ABCA7,0.4756340908240953,0.4756340908240953,1.0998901461701887e-12
ACTG1,ABCD4,0.47444860343396034,0.47444860343396034,1.2732902598084983e-12
CD36,ABCA4,0.4724101213056342,0.4724101213056342,1.6356168257634708e-12
ACTB,AASDH,0.47056543715513566,0.47056543715513566,2.048699490866738e-12
AHNAK,AACS,0.46994889818347735,0.46994889818347735,2.2081776139864204e-12
ADH1B,ABCD4,0.46967225897018616,0.46967225897018616,2.2836025042137747e-12
CD36,ABCB1,0.46789297965706855,0.46789297965706855,2.8322084740250106e-12
ALDH1A1,AADAT,0.4676341608070966,0.4676341608070966,2.922010303408015e-12
AGPAT2,AAAS,0.4657558513624683,0.4657558513624683,3.662049431720617e-12
AKR1C2,AADAT,0.4655601119734074,0.4655601119734074,3.7489262990026364e-12
ACTB,AACS,0.4649635364171552,0.4649635364171552,4.0262609469289025e-12
ACSL1,ABCB1,0.46491965117968354,0.46491965117968354,4.047432385694084e-12
ALDH1A1,AANAT,0.46479235796366747,0.46479235796366747,4.109456628351843e-12
ANXA2,ABCC5,0.464434027209676,0.464434027209676,4.2890615902817894e-12
ACTB,ABCC5,0.46318290750289015,0.46318290750289015,4.9780380020353895e-12
ACTB,ABCC11,0.46291653693287427,0.46291653693287427,5.138051498198432e-12
AGPAT2,ABCB1,0.4608451995945915,0.4608451995945915,6.565083248739541e-12
ADH1B,ABCA4,0.45957461706821096,0.45957461706821096,7.623942099607885e-12
ALDOA,ABCB9,0.45902306383638813,0.45902306383638813,8.133662540301777e-12
AHNAK,ABCD4,0.45725228038788224,0.45725228038788224,1.0004235803221093e-11
ACSL1,AAAS,0.4567708242448797,0.4567708242448797,1.0581247424028868e-11
ANXA2,AAK1,0.45491704234545466,0.45491704234545466,1.3120484124435735e-11
B2M,ABCA11P,0.4540011899183156,0.4540011899183156,1.458454733588441e-11
ADIPOQ,ABCB1,0.4536787212462847,0.4536787212462847,1.513689718845912e-11
ALDOA,ABCA3,0.45295922781128994,0.45295922781128994,1.6443577384763385e-11
CD36,AAAS,0.4528631581503537,0.4528631581503537,1.66261386744853e-11
ADIRF,ABCD4,0.4503545365133634,0.4503545365133634,2.2155163735710157e-11
ADH1B,ABCB1,0.44973545089995337,0.44973545089995337,2.3773258049288374e-11
ACTG1,AANAT,0.44961540954774826,0.44961540954774826,2.4100031691524864e-11
ANXA2,AASDH,0.44917807870512283,0.44917807870512283,2.532783511023736e-11
AHNAK,ABCA17P,0.4491161057037182,0.4491161057037182,2.5506666201537418e-11
AHNAK,ABCD3,0.44833908466041483,0.44833908466041483,2.785564000752389e-11
ACTG1,ABCD3,0.4471601737006152,0.4471601737006152,3.18256163139777e-11
ACSL1,ABCB7,0.44343532153426424,0.44343532153426424,4.832256574922886e-11
ADIPOQ,AAAS,0.44332691012788816,0.44332691012788816,4.8909810742789704e-11
CD36,ABCB7,0.4410014015871714,0.4410014015871714,6.331141835576538e-11
ADIRF,ABCB1,0.4398527515831441,0.4398527515831441,7.186756302311817e-11
ALDOA,ABCC3,0.4397025806172054,0.4397025806172054,7.306592546469162e-11
AGPAT2,ABCB7,0.4396274591879239,0.4396274591879239,7.36726473566485e-11
AKR1C2,ABCB10P1,0.43909321735882056,0.43909321735882056,7.813072282540837e-11
AKR1C2,AAGAB,0.4375820522460296,0.4375820522460296,9.220523025254084e-11
ADIRF,ABCA4,0.4370540162915251,0.4370540162915251,9.768040529960258e-11
ANXA2,ABCD1,0.4370237625726557,0.4370237625726557,9.800347856711964e-11
AGPAT2,ABCB8,0.43536544345506567,0.43536544345506567,1.1738983442635793e-10
ANXA2,AASDHPPT,0.4350500982932123,0.4350500982932123,1.214755843047454e-10
AHNAK,AADACL3,0.43445914937472374,0.43445914937472374,1.295067320463392e-10
ANXA2,ABCA11P,0.4338652748476398,0.4338652748476398,1.3809545778763774e-10
ANXA2,AADACL4,0.4325873058856546,0.4325873058856546,1.5849190033380258e-10
ACSL1,ABCA11P,0.43020532605208633,0.43020532605208633,2.0457600078309013e-10
CD74,AAMP,0.43013168393300905,0.43013168393300905,2.0619017423055364e-10
ACSL1,ABCB11,0.4292227099723555,0.4292227099723555,2.271595360054755e-10
AHNAK,ABCD1P5,0.42866362493096055,0.42866362493096055,2.410686831855151e-10
B2M,ABCA6,0.4281188344832142,0.4281188344832142,2.554144068630881e-10
ALDOA,AADACP1,0.427575732864066,0.427575732864066,2.705376425265175e-10
AGPAT2,ABCA11P,0.42717793826878686,0.42717793826878686,2.8216156920531926e-10
ACSL1,ABCB8,0.42562420753475183,0.42562420753475183,3.323772529787285e-10
ACTG1,AASDH,0.4243498830956473,0.4243498830956473,3.7992996264741495e-10
ADH1B,AAAS,0.4241695094143153,0.4241695094143153,3.8717187776644584e-10
CD74,AACS,0.42416003231681926,0.42416003231681926,3.8755605329912016e-10
ADIPOQ,ABCB7,0.42358674116159645,0.42358674116159645,4.1149532247600874e-10
ALDOA,ABCB11,0.4227258790171992,0.4227258790171992,4.5015369691873545e-10
AGPAT2,ABCB11,0.42234836324650793,0.42234836324650793,4.681953926535306e-10
CD36,ABCB8,0.420670885330609,0.420670885330609,5.571933239119078e-10
CD36,ABCB11,0.42014317914272087,0.42014317914272087,5.884314911108117e-10
ADH1B,ABCB7,0.4195171610398282,0.4195171610398282,6.276915168802765e-10
ANXA2,AARS2,0.419024302981425,0.419024302981425,6.603733633890473e-10
CD36,ABCA11P,0.41890346506751175,0.41890346506751175,6.686342774087744e-10
ALDH1A1,ABCC11,0.4184357412458451,0.4184357412458451,7.015628283176424e-10
ADIPOQ,ABCB11,0.4179706986930408,0.4179706986930408,7.358564044946127e-10
B2M,ABCD1,0.4170888232946975,0.4170888232946975,8.053981775877012e-10
ADIPOQ,ABCA11P,0.4170431642569801,0.4170431642569801,8.091667704043483e-10
AHNAK,ABCB7,0.4167239017022219,0.4167239017022219,8.359989950095802e-10
AKR1C2,ABCA4,0.41424596839351446,0.41424596839351446,1.0756319455405017e-09
B2M,ABCA5,0.412449383242782,0.412449383242782,1.2896404084161614e-09
ADIPOQ,ABCB8,0.41240570366668095,0.41240570366668095,1.2953251216322324e-09
ALDOA,AAK1,0.4113616499402992,0.4113616499402992,1.438648749521335e-09
AHNAK,ABCA8,0.4107365133447593,0.4107365133447593,1.5316830876772466e-09
ACTB,AADAT,0.40970850653833196,0.40970850653833196,1.697460189988808e-09
CD74,AARSD1,0.4087946408634748,0.4087946408634748,1.8592942580371116e-09
ADIRF,ABCB7,0.40715562361535274,0.40715562361535274,2.1876635951299024e-09
ADIRF,AAAS,0.4056897663390611,0.4056897663390611,2.5282962355888897e-09
ADH1B,ABCA11P,0.4050860952115008,0.4050860952115008,2.683005478638246e-09
ANXA2,ABCA1,0.4012395198832454,0.4012395198832454,3.906378317318899e-09
ACTG1,AB019441.29,0.400608126517927,0.400608126517927,4.15295335813181e-09
ADH1B,ABCB8,0.4004378143161712,0.4004378143161712,4.2219975605179925e-09
ANXA2,AAED1,0.3985457802704475,0.3985457802704475,5.067560802248315e-09
AHNAK,ABCC6,0.3977390534265355,0.3977390534265355,5.475854666709695e-09
ACTG1,ABC13-47488600E17.1,0.39543769964578945,0.39543769964578945,6.822761101821734e-09
AKR1C2,ABCD3,0.39527754583778557,0.39527754583778557,6.927548306245929e-09
AHNAK,AAR2,0.39433383085253965,0.39433383085253965,7.577278548946049e-09
ALDH1A1,ABCC10,0.39369326434712404,0.39369326434712404,8.051388817568898e-09
CD74,ABCB1,0.39318591877132203,0.39318591877132203,8.447084774904856e-09
AHNAK,ABCB6,0.3923604244056582,0.3923604244056582,9.131324650998886e-09
ACTB,AAK1,0.3899033322037299,0.3899033322037299,1.1499297411889879e-08
ALDH1A1,ABCB9,0.38945527770177363,0.38945527770177363,1.1990665278432543e-08
ACSL1,ABCD3,0.38888426804357357,0.38888426804357357,1.2646276525764529e-08
ACSL1,ABCD1,0.3886346555752943,0.3886346555752943,1.29436066990437e-08
AGPAT2,ABCD3,0.3884067182740969,0.3884067182740969,1.322099687876449e-08
ALDOA,ABCC2,0.38826902719614126,0.38826902719614126,1.3391328552781178e-08
ACTG1,ABC13-48559800H2.2,0.3877024319050649,0.3877024319050649,1.4114770829208711e-08
AKR1C2,AATF,0.38747684032539276,0.38747684032539276,1.44131750907056e-08
ACTG1,AAK1,0.38692275401563025,0.38692275401563025,1.517213727642876e-08
ADIRF,ABCB8,0.38589651034142775,0.38589651034142775,1.668079164503479e-08
CD36,ABCD3,0.3846686569120504,0.3846686569120504,1.8676229914083365e-08
ANXA2,ABCB10,0.3846538791494893,0.3846538791494893,1.8701592706927123e-08
ALDOA,ABC13-48559800H2.1,0.3842702522891959,0.3842702522891959,1.9371739394812634e-08
AGPAT2,ABCD1,0.3837795725248683,0.3837795725248683,2.0262675384151282e-08
ADH1B,ABCB11,0.38366504752891056,0.38366504752891056,2.047623272709554e-08
B2M,ABCC5,0.3828544436546525,0.3828544436546525,2.2050987202831055e-08
ANXA2,ABCC12,0.3816202346770914,0.3816202346770914,2.4674817127467575e-08
B2M,AAK1,0.3812202631239921,0.3812202631239921,2.5587843567854177e-08
CD36,ABCD1,0.380648867824523,0.380648867824523,2.694881977288934e-08
B2M,ABCA1,0.38031906109851615,0.38031906109851615,2.7765820010212363e-08
ADIRF,ABCA11P,0.37979698080772784,0.37979698080772784,2.9108089739375378e-08
ACTG1,ABCA4,0.37958552415738883,0.37958552415738883,2.9669336089311412e-08
ANXA2,ABCA3,0.3785673372998386,0.3785673372998386,3.2520895773891116e-08
AHNAK,AARS2,0.378370741710032,0.378370741710032,3.3101074610867294e-08
B2M,ABCC10,0.3779541416917337,0.3779541416917337,3.4363621053745475e-08
ANXA2,ABCA6,0.3777497837583174,0.3777497837583174,3.4999768939669005e-08
ANXA2,ABCB11,0.3765277985793749,0.3765277985793749,3.9046872093503786e-08
ADIPOQ,ABCD3,0.3747527510729429,0.3747527510729429,4.573697259807721e-08
ADH1B,ABCD3,0.3746986927014011,0.3746986927014011,4.595710126559238e-08
ANXA2,AANAT,0.374424977916575,0.374424977916575,4.7087419526038696e-08
AKR1C2,ABCC1,0.3744197819295199,0.3744197819295199,4.710913311952194e-08
AKR1C2,ABCB1,0.37408987716165415,0.37408987716165415,4.85076731585745e-08
AHNAK,ABCB8,0.37393829850626187,0.37393829850626187,4.9163559023855384e-08
ADIPOQ,ABCD1,0.3739031673455773,0.3739031673455773,4.931678588325705e-08
CD47,AB019441.29,0.3735509565540873,0.3735509565540873,5.087858191980871e-08
B2M,ABCA7,0.3735032969581765,0.3735032969581765,5.109353668321125e-08
CD74,AAAS,0.37265395979862614,0.37265395979862614,5.507392998218358e-08
ACTB,ABC13-47488600E17.1,0.37173880061969233,0.37173880061969233,5.969617932782873e-08
AKR1C2,ABCC5,0.37075703056554515,0.37075703056554515,6.506902132614382e-08
B2M,ABC9-43961700F1.1,0.3705270184137458,0.3705270184137458,6.639341279095646e-08
ADH1B,ABCA1,0.3704787678593394,0.3704787678593394,6.6674505139093e-08
AHNAK,AASS,0.3698689475881465,0.3698689475881465,7.032721357839066e-08
B2M,AAED1,0.3695125864320149,0.3695125864320149,7.254999870647974e-08
ACTB,AANAT,0.36827271331366923,0.36827271331366923,8.08219086305215e-08
ADH1B,AADACL3,0.3675428254989391,0.3675428254989391,8.610754043875962e-08
ACSL1,ABCA1,0.36727220722173104,0.36727220722173104,8.81504317512903e-08
ACSL1,AADACL3,0.3670230162662646,0.3670230162662646,9.007268901282355e-08
ACTG1,AACS,0.3662170821264522,0.3662170821264522,9.656930428699432e-08
ANXA2,ABCA2,0.3661204287467368,0.3661204287467368,9.737800110001902e-08
CD36,ABCA1,0.36579971289570645,0.36579971289570645,1.0010829275493294e-07
B2M,ABCC11,0.3657969939145296,0.3657969939145296,1.0013175111324145e-07
ALDOA,ABCA1,0.3652935535321813,0.3652935535321813,1.0456745883530398e-07
ACTB,AB019441.29,0.365019902067267,0.365019902067267,1.0705709782058825e-07
ALDOA,ABCA2,0.36487448422398855,0.36487448422398855,1.0840315059630666e-07
AKR1C2,ABCA11P,0.364776478167941,0.364776478167941,1.0931949115936782e-07
AKR1C2,ABCA3,0.36448643195608155,0.36448643195608155,1.1207516641134698e-07
AHNAK,ABCB10,0.36416303733016414,0.36416303733016414,1.1522632183624368e-07
AGPAT2,ABCA1,0.3641211222144407,0.3641211222144407,1.1564091764389606e-07
ACTG1,AAED1,0.3637992909938301,0.3637992909938301,1.1887232276349785e-07
ADIRF,ABCD3,0.36368969776154636,0.36368969776154636,1.1999237089722862e-07
ADIRF,ABCA1,0.3619316942475004,0.3619316942475004,1.394055020260603e-07
ACTB,AAED1,0.3610071674111622,0.3610071674111622,1.5079020372230908e-07
AKR1C2,ABCC10,0.36050526063501864,0.36050526063501864,1.5733907708480046e-07
ALDH1A1,ABC13-48559800H2.1,0.36037121050361276,0.36037121050361276,1.5913382351311577e-07
ADIPOQ,ABCA1,0.35966019308788894,0.35966019308788894,1.6898662300014078e-07
AHNAK,ABCA4,0.35939285415206645,0.35939285415206645,1.7284052222930033e-07
AHNAK,AASDHPPT,0.3589520235946129,0.3589520235946129,1.7938026384939586e-07
CD36,AADACL3,0.35868039184326866,0.35868039184326866,1.8352743602190514e-07
ADH1B,ABCA6,0.3579427713380412,0.3579427713380412,1.9525834308374934e-07
ACSL1,ABCA6,0.3578861362146775,0.3578861362146775,1.9618818771060066e-07
ADIPOQ,AADACL3,0.35774263545196283,0.35774263545196283,1.98563259176638e-07
AGPAT2,AADACL3,0.357560756560927,0.357560756560927,2.0161317061180954e-07
B2M,ABCB11,0.3562233947980785,0.3562233947980785,2.2545997238813079e-07
ALDOA,AAED1,0.3559379154930914,0.3559379154930914,2.3088964026822266e-07
ACTB,ABC13-47656900H15.1,0.35488208462154763,0.35488208462154763,2.5208093431148527e-07
AC010970.2,AADACL4,0.3543073748350884,0.3543073748350884,2.6438685384543313e-07
ADH1B,ABCD1,0.35226345884266097,0.35226345884266097,3.129872913697826e-07
ADIRF,ABCB11,0.3515244785884216,0.3515244785884216,3.325805875890368e-07
CD74,AASDH,0.3504464820568457,0.3504464820568457,3.6328242269035843e-07
AHNAK,ABCC13,0.34958219450548234,0.34958219450548234,3.898402634015528e-07
AGPAT2,ABCA6,0.3489263554066365,0.3489263554066365,4.1122328621905067e-07
CD36,ABCA6,0.3477076679056658,0.3477076679056658,4.539750730978258e-07
ADIRF,AADACL3,0.3473304540941512,0.3473304540941512,4.680483665294427e-07
ADIPOQ,ABCA6,0.3461561335344037,0.3461561335344037,5.14583958253379e-07
ACTG1,ABCC6P2,0.34507439172312304,0.34507439172312304,5.613430105370658e-07
ALDH1A1,AARS2,0.34456001084887905,0.34456001084887905,5.849781778722338e-07
CD74,ABCC1,0.3443191455700215,0.3443191455700215,5.963701216730223e-07
ALDH1A1,AAGAB,0.3378113957063741,0.3378113957063741,9.981261551773146e-07
AGPAT2,ABCC11,0.3377028436786939,0.3377028436786939,1.0066381458147136e-06
AHNAK,A3GALT2,0.3374255695911524,0.3374255695911524,1.0286961906390592e-06
ACSL1,ABCC11,0.33677618133249443,0.33677618133249443,1.08217819138688e-06
AKR1C2,ABCD1,0.33525706718917,0.33525706718917,1.2178538570719832e-06
B2M,AARS2,0.3339162494217882,0.3339162494217882,1.3509649415920104e-06
CD74,ABCD4,0.33375481757672876,0.33375481757672876,1.3678975198714877e-06
ACSL1,AASDH,0.3329611015776936,0.3329611015776936,1.4541386765283612e-06
AKR1C2,ABCA2,0.33243555946580744,0.33243555946580744,1.5140702528760092e-06
AHNAK,ABCA7,0.33219040869663147,0.33219040869663147,1.5428259457908713e-06
AKR1C2,ABCB11,0.33101590044642887,0.33101590044642887,1.6879732244377645e-06
ADIRF,ABCA6,0.33028184798732163,0.33028184798732163,1.785205918562814e-06
ADIRF,ABCD1,0.3298939658278735,0.3298939658278735,1.8387187152117975e-06
ALDOA,ABCA6,0.32962199866217706,0.32962199866217706,1.877148202080957e-06
CD74,AARS2,0.3293093502839981,0.3293093502839981,1.9222721779787957e-06
ACTG1,ABCA3,0.3283431726020219,0.3283431726020219,2.068346660335763e-06
ALDOA,ABCB10P1,0.3283088847486808,0.3283088847486808,2.0737201753762005e-06
ADH1B,ABCC11,0.32785039698207363,0.32785039698207363,2.1468642054889657e-06
AGPAT2,AASDH,0.3271106313011295,0.3271106313011295,2.270090570943258e-06
ACTB,ABCC6P2,0.3270301901161304,0.3270301901161304,2.283889178198887e-06
BTBD9,ABCD4,0.32684118862804795,0.32684118862804795,2.3166250246785917e-06
CD36,AASDH,0.3258677437194165,0.3258677437194165,2.4924338695407683e-06
ACTB,ABCC12,0.3253433841233936,0.3253433841233936,2.592330450697483e-06
ADIPOQ,ABCC11,0.3252976087172452,0.3252976087172452,2.6012298963325703e-06
AGPAT2,AAGAB,0.3250538996923189,0.3250538996923189,2.6491026818613373e-06
B2M,AADACL3,0.32487000594648563,0.32487000594648563,2.685779934090688e-06
CD36,ABCC11,0.32465939683856054,0.32465939683856054,2.728379585531071e-06
ACTB,ABCC4,0.3242495355030381,0.3242495355030381,2.8131332333469824e-06
CD74,ABCD3,0.3242372661234472,0.3242372661234472,2.8157086173212074e-06
ADH1B,AASDH,0.3242111448011657,0.3242111448011657,2.8211990504400585e-06
ACTB,AADAC,0.3240939477007115,0.3240939477007115,2.8459583952077805e-06
AHNAK,AAMP,0.3239070489153852,0.3239070489153852,2.885871653715077e-06
ACSL1,AAGAB,0.32276251334074785,0.32276251334074785,3.142164733288261e-06
B2M,ABCA4,0.32272376707293776,0.32272376707293776,3.1512093362112216e-06
AKR1C2,ABCA1,0.3223256921720887,0.3223256921720887,3.2455791196841985e-06
ANXA2,AADACL3,0.322234627284927,0.322234627284927,3.267542376619289e-06
ANXA2,ABCA7,0.32055089310065954,0.32055089310065954,3.7000338140818435e-06
ACTB,ABCA11P,0.32033936705008886,0.32033936705008886,3.7580689455727725e-06
AKR1C2,AASDH,0.32031398346579576,0.32031398346579576,3.7650911969115692e-06
CD36,AAGAB,0.318518592681703,0.318518592681703,4.294710240610458e-06
ACTG1,AADAC,0.31802822044146,0.31802822044146,4.451245155110861e-06
AKR1C2,ABCC12,0.31705405280628907,0.31705405280628907,4.778450654526113e-06
AKR1C2,AASDHPPT,0.31535325645019036,0.31535325645019036,5.405205791899209e-06
ADIPOQ,AASDH,0.314583297790325,0.314583297790325,5.7139389459209905e-06
ANXA2,ABC13-47488600E17.1,0.3137863725078899,0.3137863725078899,6.051085705535845e-06
AKR1C2,ABCB10,0.3134574452423025,0.3134574452423025,6.195677863523326e-06
CD74,ABCB8,0.313132242389242,0.313132242389242,6.341854066283622e-06
ADIRF,AASDH,0.3128537928876034,0.3128537928876034,6.469611592181917e-06
ACTG1,ABCA11P,0.3113213362189656,0.3113213362189656,7.21761307392829e-06
ALDH1A1,AADAC,0.3107022236280817,0.3107022236280817,7.54249532793104e-06
ALDH1A1,AATF,0.3098489185463726,0.3098489185463726,8.013075433793756e-06
ADH1B,AAGAB,0.3096378208933032,0.3096378208933032,8.133717037659591e-06
ALDOA,AB019441.29,0.3088065755244613,0.3088065755244613,8.625729699315413e-06
AKR1C2,ABCB9,0.3083619947884739,0.3083619947884739,8.90033111417774e-06
ADIRF,ABCC11,0.3083042221086284,0.3083042221086284,8.936617888193973e-06
AHNAK,AAGAB,0.3082539408521644,0.3082539408521644,8.968313467454501e-06
CD74,ABCC4,0.30776206570495235,0.30776206570495235,9.28404783910225e-06
AKR1C2,AAK1,0.30757125942979163,0.30757125942979163,9.409340248790212e-06
AKR1C2,AANAT,0.3074529821402637,0.3074529821402637,9.487809751909732e-06
CD74,ABCD2,0.30706464155714425,0.30706464155714425,9.749834357252497e-06
ACTB,ABCD1,0.30687245041524747,0.30687245041524747,9.882034665048994e-06
ADIRF,AAGAB,0.30631821524669406,0.30631821524669406,1.0272850332862042e-05
ALDOA,AANAT,0.30590415918003105,0.30590415918003105,1.0574331142399477e-05
ACSL1,ABCC5,0.305548840942233,0.305548840942233,1.0839709980814649e-05
ADIPOQ,AAGAB,0.305530140047775,0.305530140047775,1.0853850597399987e-05
AHNAK,A2MP1,0.3055204845345288,0.3055204845345288,1.0861158420355164e-05
ACTB,ABCA6,0.30548123740639826,0.30548123740639826,1.0890910818809068e-05
ANXA2,ABC14-864958H18.2,0.30271345906656816,0.30271345906656816,1.3195272391242823e-05
CD36,ABCC5,0.30212866094439644,0.30212866094439644,1.3737950812129721e-05
CD74,ABCA7,0.3007351281833482,0.3007351281833482,1.5117509867930882e-05
AGPAT2,AATF,0.3005163138805174,0.3005163138805174,1.5345690553738252e-05
AGPAT2,ABCC5,0.30001650460162055,0.30001650460162055,1.587917631820119e-05
